Customer ID,Recency,Frequency,Monetary,churn,Cluster,Cluster_name
12349.0,115,3,1244.37,0,2,Обычные
12355.0,112,1,488.21000000000004,1,0,Новые
12358.0,95,2,1697.93,0,2,Обычные
12359.0,80,7,1918.03,0,1,Лояльные
12360.0,108,4,740.04,0,2,Обычные
12361.0,7,3,321.35,1,0,Новые
12362.0,283,1,130.0,1,3,Группа риска
12366.0,178,1,500.24,1,3,Группа риска
12368.0,173,1,917.6999999999999,1,3,Группа риска
12369.0,186,1,348.32,0,3,Группа риска
12370.0,169,3,774.62,1,3,Группа риска
12371.0,190,2,607.6800000000001,0,3,Группа риска
12373.0,169,2,763.0500000000001,1,3,Группа риска
12374.0,133,1,1388.54,0,0,Новые
12377.0,134,1,1210.96,0,0,Новые
12378.0,107,1,1407.7,1,0,Новые
12379.0,79,1,367.48,0,0,Новые
12388.0,127,1,461.62,0,0,Новые
12389.0,112,2,563.03,0,0,Новые
12391.0,9,6,2286.93,1,1,Лояльные
12392.0,136,1,234.75000000000003,1,0,Новые
12395.0,39,2,1376.82,0,2,Обычные
12396.0,219,1,931.43,1,3,Группа риска
12399.0,64,2,539.45,0,0,Новые
12402.0,66,4,712.5,0,2,Обычные
12403.0,66,1,591.6600000000001,1,0,Новые
12404.0,227,1,63.24,1,3,Группа риска
12406.0,141,2,1629.2,0,2,Обычные
12408.0,43,1,194.1,0,0,Новые
12410.0,47,1,320.38,1,0,Новые
12412.0,24,4,1160.8899999999999,0,2,Обычные
12414.0,8,5,130.0,1,0,Новые
12415.0,42,3,2717.98,0,2,Обычные
12416.0,201,1,202.56,1,3,Группа риска
12417.0,51,10,1968.35,0,1,Лояльные
12418.0,121,3,875.0600000000001,0,0,Новые
12421.0,45,2,72.8,0,0,Новые
12423.0,10,1,298.8,0,0,Новые
12424.0,93,4,396.29,0,0,Новые
12426.0,191,2,728.6800000000001,1,3,Группа риска
12429.0,91,2,1407.3600000000001,0,2,Обычные
12431.0,8,13,3594.02,0,1,Лояльные
12435.0,22,3,3575.2,0,1,Лояльные
12439.0,227,3,1104.48,1,3,Группа риска
12440.0,2,3,768.15,1,0,Новые
12443.0,277,1,485.31,1,3,Группа риска
12450.0,7,2,133.57,0,0,Новые
12451.0,8,4,3613.0099999999998,1,1,Лояльные
12455.0,122,3,2929.95,0,2,Обычные
12458.0,32,1,380.61,0,0,Новые
12459.0,150,1,454.36,1,0,Новые
12460.0,1,1,326.65,1,0,Новые
12466.0,227,1,56.73,1,3,Группа риска
12468.0,58,6,2906.31,0,1,Лояльные
12469.0,67,2,3070.54,1,2,Обычные
12470.0,234,1,211.95,1,3,Группа риска
12474.0,0,9,2710.14,0,1,Лояльные
12476.0,46,1,1231.74,0,0,Новые
12480.0,52,1,451.9,0,0,Новые
12481.0,119,3,3157.1,0,1,Лояльные
12483.0,93,8,1289.7,0,2,Обычные
12484.0,22,8,1808.58,1,1,Лояльные
12485.0,74,1,708.1,1,0,Новые
12487.0,275,2,259.79999999999995,1,3,Группа риска
12490.0,4,10,3485.19,0,1,Лояльные
12494.0,114,2,329.77,0,0,Новые
12495.0,179,2,323.4,1,3,Группа риска
12496.0,165,2,54.09,1,3,Группа риска
12497.0,189,2,1175.01,0,3,Группа риска
12499.0,105,1,393.72,1,0,Новые
12500.0,67,11,1441.19,0,1,Лояльные
12503.0,129,1,1126.0,1,0,Новые
12504.0,141,1,134.4,0,0,Новые
12507.0,129,1,539.25,1,0,Новые
12514.0,186,1,580.08,1,3,Группа риска
12516.0,144,1,689.46,0,0,Новые
12519.0,9,2,354.35,1,0,Новые
12523.0,47,12,1890.73,0,1,Лояльные
12525.0,36,8,835.1800000000001,1,2,Обычные
12527.0,39,2,386.8,1,0,Новые
12529.0,67,2,311.78000000000003,1,0,Новые
12530.0,25,3,1166.74,0,2,Обычные
12531.0,225,2,1773.83,1,3,Группа риска
12533.0,163,6,1149.99,1,2,Обычные
12542.0,29,4,423.38,1,0,Новые
12547.0,45,1,175.78,1,0,Новые
12549.0,120,6,1575.68,1,2,Обычные
12555.0,227,1,129.23,1,3,Группа риска
12557.0,91,2,3661.2000000000003,0,1,Лояльные
12567.0,32,5,1947.2,0,2,Обычные
12568.0,189,1,70.0,1,3,Группа риска
12570.0,227,1,77.52,1,3,Группа риска
12573.0,10,1,152.01999999999998,0,0,Новые
12575.0,2,2,622.8199999999999,1,0,Новые
12576.0,3,3,523.32,0,0,Новые
12577.0,281,1,210.55,0,3,Группа риска
12580.0,121,1,637.2,1,0,Новые
12582.0,122,1,837.11,0,0,Новые
12586.0,268,1,422.35,0,3,Группа риска
12588.0,129,2,309.1,0,0,Новые
12589.0,8,5,1933.25,0,2,Обычные
12592.0,64,6,715.02,1,2,Обычные
12594.0,2,3,777.54,0,0,Новые
12595.0,49,1,299.02,1,0,Новые
12598.0,8,4,1490.69,0,2,Обычные
12599.0,16,3,746.96,0,0,Новые
12600.0,30,10,1487.64,0,1,Лояльные
12605.0,3,1,256.99,0,0,Новые
12606.0,227,1,21.0,1,3,Группа риска
12609.0,43,4,1467.56,0,2,Обычные
12613.0,24,6,2922.4,0,1,Лояльные
12615.0,0,5,2191.38,0,2,Обычные
12619.0,105,1,140.14,1,0,Новые
12623.0,10,7,2972.59,0,1,Лояльные
12625.0,54,2,2481.06,1,2,Обычные
12631.0,1,5,2841.07,0,1,Лояльные
12632.0,65,4,738.88,1,2,Обычные
12633.0,28,4,2845.88,0,1,Лояльные
12634.0,80,2,490.0,1,0,Новые
12635.0,1,1,731.33,0,0,Новые
12636.0,283,1,141.0,1,3,Группа риска
12637.0,45,2,913.79,0,0,Новые
12638.0,184,1,249.8,1,3,Группа риска
12639.0,172,1,253.57999999999998,0,3,Группа риска
12643.0,99,5,1849.88,0,2,Обычные
12644.0,211,4,765.1800000000001,0,3,Группа риска
12645.0,9,4,1273.32,0,2,Обычные
12648.0,185,2,311.8,0,3,Группа риска
12649.0,128,4,765.4499999999999,0,2,Обычные
12651.0,10,1,99.0,0,0,Новые
12653.0,71,1,1950.98,1,2,Обычные
12656.0,44,3,1461.65,0,2,Обычные
12662.0,30,6,1889.25,0,2,Обычные
12663.0,169,3,204.0,1,3,Группа риска
12664.0,59,2,1188.16,1,0,Новые
12665.0,207,2,157.9,0,3,Группа риска
12670.0,211,1,225.60000000000002,0,3,Группа риска
12671.0,151,1,2622.481,1,2,Обычные
12672.0,134,2,184.6,1,0,Новые
12675.0,98,4,934.8,1,2,Обычные
12676.0,28,4,494.03,0,0,Новые
12677.0,100,3,389.3,1,0,Новые
12683.0,1,6,3157.13,0,1,Лояльные
12687.0,25,2,2138.91,1,2,Обычные
12692.0,182,1,110.95,1,3,Группа риска
12693.0,50,3,541.7,0,0,Новые
12695.0,73,3,825.02,1,0,Новые
12696.0,53,2,266.39,0,0,Новые
12698.0,135,1,339.75,1,0,Новые
12701.0,74,4,1648.7,1,2,Обычные
12703.0,178,5,617.48,1,3,Группа риска
12705.0,78,2,1503.37,0,2,Обычные
12708.0,1,10,1945.05,0,1,Лояльные
12711.0,156,2,1339.05,1,2,Обычные
12712.0,35,9,1592.56,0,1,Лояльные
12717.0,135,1,277.93,1,0,Новые
12720.0,9,8,1232.7,0,2,Обычные
12721.0,9,2,699.45,0,0,Новые
12724.0,50,2,973.56,0,0,Новые
12725.0,116,2,1228.95,0,0,Новые
12726.0,92,2,536.88,0,0,Новые
12727.0,92,2,1293.75,0,0,Новые
12730.0,66,1,829.25,1,0,Новые
12733.0,42,3,1614.47,0,2,Обычные
12737.0,43,2,3710.5,1,1,Лояльные
12741.0,74,2,406.07,1,0,Новые
12742.0,144,2,1185.02,1,0,Новые
12745.0,31,3,925.41,1,0,Новые
12746.0,72,3,230.85000000000002,1,0,Новые
12749.0,56,3,764.55,0,0,Новые
12755.0,49,12,408.75,0,2,Обычные
12759.0,65,3,2200.13,0,2,Обычные
12760.0,0,1,347.8,1,0,Новые
12761.0,2,2,782.95,1,0,Новые
12765.0,17,6,1404.58,1,2,Обычные
12770.0,1,4,1828.5,0,2,Обычные
12771.0,9,2,262.5,1,0,Новые
12773.0,109,2,1.7763568394002505e-15,1,0,Новые
12774.0,80,1,98.7,1,0,Новые
12776.0,212,1,55.5,1,3,Группа риска
12777.0,2,1,519.45,1,0,Новые
12778.0,147,1,378.6,0,0,Новые
12779.0,4,7,1755.03,0,2,Обычные
12780.0,143,1,337.4,1,0,Новые
12782.0,64,1,288.1,0,0,Новые
12784.0,74,1,1230.33,1,0,Новые
12785.0,80,3,773.6,1,0,Новые
12786.0,154,1,728.5,1,3,Группа риска
12788.0,8,4,444.9,1,0,Новые
12789.0,57,2,181.5,1,0,Новые
12791.0,145,6,276.74999999999994,0,2,Обычные
12792.0,79,2,413.34,1,0,Новые
12796.0,173,1,381.0,1,3,Группа риска
12799.0,74,1,219.35,1,0,Новые
12800.0,15,3,584.25,1,0,Новые
12801.0,22,2,1031.87,1,0,Новые
12802.0,0,5,1563.43,0,2,Обычные
12804.0,10,2,327.02,1,0,Новые
12805.0,26,3,991.35,0,2,Обычные
12806.0,44,3,2863.96,0,2,Обычные
12808.0,7,1,189.65,0,0,Новые
12809.0,98,6,1220.98,1,2,Обычные
12810.0,79,2,534.99,1,0,Новые
12813.0,46,3,1687.8,1,2,Обычные
12819.0,3,1,540.52,1,0,Новые
12820.0,49,7,1249.05,0,2,Обычные
12821.0,156,1,128.07999999999998,1,3,Группа риска
12823.0,8,10,2829.5,0,1,Лояльные
12825.0,66,2,518.63,1,0,Новые
12826.0,16,5,1046.27,0,2,Обычные
12829.0,95,1,92.30000000000001,1,0,Новые
12831.0,8,2,236.06,1,0,Новые
12836.0,15,11,2760.61,0,1,Лояльные
12837.0,114,1,554.31,1,0,Новые
12838.0,9,5,1171.25,0,2,Обычные
12839.0,14,12,2850.56,0,1,Лояльные
12840.0,94,4,626.09,0,0,Новые
12841.0,9,4,740.44,0,2,Обычные
12842.0,282,1,397.20000000000005,0,3,Группа риска
12844.0,138,1,123.03,0,0,Новые
12846.0,227,1,15.58,1,3,Группа риска
12848.0,220,1,208.0,1,3,Группа риска
12849.0,136,1,472.29,0,0,Новые
12851.0,22,1,148.95,1,0,Новые
12853.0,35,5,1350.05,0,2,Обычные
12854.0,106,6,1633.22,1,2,Обычные
12857.0,39,4,1470.25,0,2,Обычные
12859.0,3,1,575.1,1,0,Новые
12860.0,238,1,55.47,1,3,Группа риска
12861.0,164,1,68.25,1,3,Группа риска
12862.0,40,1,510.68,0,0,Новые
12863.0,64,4,1686.95,0,2,Обычные
12864.0,53,1,152.45,1,0,Новые
12865.0,21,1,1043.15,0,0,Новые
12866.0,19,2,668.23,1,0,Новые
12867.0,46,4,2245.03,0,2,Обычные
12869.0,226,1,337.66999999999996,1,3,Группа риска
12870.0,22,2,492.0,0,0,Новые
12872.0,51,8,2003.76,0,1,Лояльные
12873.0,226,1,492.4,0,3,Группа риска
12874.0,72,2,474.26,0,0,Новые
12875.0,16,3,1013.76,1,2,Обычные
12876.0,128,2,872.34,0,0,Новые
12877.0,19,5,888.33,0,2,Обычные
12880.0,119,1,337.18,0,0,Новые
12889.0,3,3,166.06,0,0,Новые
12891.0,3,9,488.5,1,2,Обычные
12894.0,120,1,157.35,1,0,Новые
12897.0,88,1,104.15,0,0,Новые
12898.0,8,2,310.96000000000004,1,0,Новые
12905.0,121,3,1011.82,1,0,Новые
12907.0,39,2,259.88,0,0,Новые
12908.0,50,2,636.0,0,0,Новые
12909.0,109,3,571.86,0,0,Новые
12910.0,36,3,1289.8799999999999,0,2,Обычные
12911.0,96,1,1680.47,1,2,Обычные
12913.0,115,5,1903.74,0,2,Обычные
12915.0,9,6,521.55,0,2,Обычные
12916.0,152,2,1155.62,0,0,Новые
12917.0,43,4,3071.35,0,1,Лояльные
12920.0,116,3,323.86,1,0,Новые
12923.0,120,1,426.2,0,0,Новые
12924.0,107,5,1147.99,0,2,Обычные
12925.0,137,1,35.28,1,0,Новые
12926.0,192,2,612.4,0,3,Группа риска
12928.0,42,3,1110.89,0,2,Обычные
12932.0,84,8,1698.56,1,1,Лояльные
12933.0,274,2,114.99000000000001,0,3,Группа риска
12934.0,281,1,181.65,1,3,Группа риска
12935.0,49,8,1450.13,0,2,Обычные
12937.0,8,5,1593.34,1,2,Обычные
12941.0,269,1,377.49,1,3,Группа риска
12943.0,103,2,496.5,0,0,Новые
12945.0,201,1,437.16,1,3,Группа риска
12948.0,275,2,252.48000000000002,1,3,Группа риска
12951.0,44,7,1095.0,0,2,Обычные
12953.0,67,1,498.96000000000004,1,0,Новые
12954.0,183,1,162.45,1,3,Группа риска
12956.0,229,3,413.82,1,3,Группа риска
12958.0,128,1,166.89,0,0,Новые
12959.0,29,2,133.35,1,0,Новые
12960.0,28,3,1145.8700000000001,0,2,Обычные
12963.0,4,4,878.0799999999999,0,2,Обычные
12969.0,147,1,122.45,1,0,Новые
12970.0,280,1,260.64,0,3,Группа риска
12972.0,127,5,973.7900000000001,0,2,Обычные
12974.0,110,1,264.15,1,0,Новые
12975.0,52,4,1201.49,0,2,Обычные
12976.0,22,6,2012.12,0,2,Обычные
12977.0,46,3,478.39,1,0,Новые
12978.0,190,5,1939.71,0,2,Обычные
12979.0,274,2,479.53999999999996,1,3,Группа риска
12982.0,56,11,1675.61,0,1,Лояльные
12983.0,143,1,490.08000000000004,1,0,Новые
12986.0,4,7,2331.1800000000003,0,1,Лояльные
12987.0,155,2,460.68,0,3,Группа риска
12990.0,50,2,273.0,0,0,Новые
12992.0,270,1,93.35000000000001,1,3,Группа риска
12993.0,176,2,436.45,0,3,Группа риска
12997.0,9,7,566.83,0,2,Обычные
12998.0,37,4,897.38,1,2,Обычные
13000.0,115,2,430.15000000000003,1,0,Новые
13005.0,2,1,229.73,0,0,Новые
13007.0,124,1,175.25,1,0,Новые
13008.0,185,4,171.46,0,3,Группа риска
13009.0,217,1,234.0,1,3,Группа риска
13010.0,193,1,177.12,0,3,Группа риска
13012.0,51,3,756.08,0,0,Новые
13015.0,42,4,1850.6399999999999,0,2,Обычные
13018.0,115,5,1464.35,0,2,Обычные
13019.0,110,5,768.1,0,2,Обычные
13020.0,93,5,606.96,1,2,Обычные
13021.0,58,7,1184.02,0,2,Обычные
13023.0,73,1,759.13,1,0,Новые
13024.0,9,3,535.42,1,0,Новые
13025.0,276,1,323.39,1,3,Группа риска
13026.0,33,5,753.97,1,2,Обычные
13029.0,68,1,347.7,0,0,Новые
13031.0,36,3,2220.16,0,2,Обычные
13032.0,4,5,751.94,0,2,Обычные
13036.0,229,1,307.1,1,3,Группа риска
13037.0,7,12,2807.18,0,1,Лояльные
13039.0,129,4,1010.73,1,2,Обычные
13041.0,42,3,607.08,0,0,Новые
13042.0,129,4,1522.79,1,2,Обычные
13045.0,31,1,325.44,0,0,Новые
13046.0,1,1,319.94,1,0,Новые
13048.0,51,6,1858.94,0,2,Обычные
13051.0,123,2,155.8,1,0,Новые
13052.0,95,4,2064.83,0,2,Обычные
13053.0,166,1,127.65,1,3,Группа риска
13056.0,96,1,209.48,1,0,Новые
13057.0,75,4,540.74,1,0,Новые
13059.0,12,9,1887.82,0,1,Лояльные
13063.0,25,1,188.4,1,0,Новые
13064.0,95,2,561.25,1,0,Новые
13065.0,15,2,398.04,0,0,Новые
13069.0,1,9,2737.83,0,1,Лояльные
13070.0,4,4,515.1,1,0,Новые
13071.0,157,1,129.22,1,3,Группа риска
13074.0,56,5,1362.8400000000001,1,2,Обычные
13076.0,2,1,135.4,1,0,Новые
13077.0,8,7,1496.55,0,2,Обычные
13080.0,106,3,140.85,0,0,Новые
13082.0,3,13,3238.44,0,1,Лояльные
13084.0,32,2,116.44999999999999,1,0,Новые
13085.0,224,6,2017.2,0,2,Обычные
13087.0,271,1,313.64,1,3,Группа риска
13090.0,16,4,1073.72,0,2,Обычные
13092.0,3,8,1417.05,0,2,Обычные
13101.0,43,3,594.21,1,0,Новые
13102.0,12,8,2577.09,0,1,Лояльные
13103.0,122,1,123.34,0,0,Новые
13104.0,78,2,278.21999999999997,0,0,Новые
13107.0,52,5,2206.94,0,2,Обычные
13109.0,94,2,340.74,1,0,Новые
13110.0,101,5,922.2,0,2,Обычные
13111.0,263,1,321.88000000000005,1,3,Группа риска
13113.0,39,9,3707.4,0,1,Лояльные
13114.0,275,1,234.38,1,3,Группа риска
13115.0,45,7,1762.4,0,2,Обычные
13117.0,21,8,762.0999999999999,0,2,Обычные
13119.0,213,1,134.9,1,3,Группа риска
13123.0,17,2,506.75,1,0,Новые
13125.0,68,1,158.57,1,0,Новые
13126.0,44,5,1054.71,0,2,Обычные
13128.0,176,1,263.5,1,3,Группа риска
13129.0,74,1,108.75,0,0,Новые
13131.0,99,3,1393.58,0,2,Обычные
13133.0,4,1,90.65,1,0,Новые
13135.0,36,1,275.45,1,0,Новые
13136.0,39,8,2181.9900000000002,0,1,Лояльные
13137.0,3,2,966.21,0,0,Новые
13140.0,36,1,252.29999999999998,0,0,Новые
13141.0,80,10,3244.24,0,1,Лояльные
13143.0,127,2,399.2,1,0,Новые
13145.0,61,2,204.0,0,0,Новые
13148.0,47,13,3210.42,0,1,Лояльные
13150.0,15,4,435.02,1,0,Новые
13151.0,170,3,1261.32,1,2,Обычные
13152.0,67,7,1653.8500000000001,0,2,Обычные
13154.0,16,3,997.4300000000001,0,2,Обычные
13155.0,36,1,235.70000000000002,0,0,Новые
13156.0,213,2,1239.6,0,3,Группа риска
13157.0,19,4,3045.78,0,1,Лояльные
13161.0,45,1,366.13,1,0,Новые
13164.0,114,3,297.46000000000004,1,0,Новые
13168.0,87,1,556.12,1,0,Новые
13169.0,107,1,127.2,1,0,Новые
13173.0,106,10,1706.0,0,1,Лояльные
13175.0,99,4,793.1,1,2,Обычные
13179.0,163,1,572.3100000000001,1,3,Группа риска
13180.0,152,1,86.10000000000001,1,3,Группа риска
13183.0,23,7,1733.92,0,2,Обычные
13187.0,169,4,112.28999999999999,1,3,Группа риска
13190.0,89,4,518.76,1,0,Новые
13191.0,203,1,164.69,1,3,Группа риска
13192.0,63,6,1632.59,1,2,Обычные
13196.0,32,3,614.68,0,0,Новые
13197.0,154,1,373.01000000000005,1,3,Группа риска
13201.0,47,4,1240.6100000000001,1,2,Обычные
13202.0,89,5,1221.63,0,2,Обычные
13203.0,12,4,1002.27,0,2,Обычные
13204.0,276,1,966.6600000000001,1,3,Группа риска
13207.0,157,1,214.20000000000002,0,3,Группа риска
13208.0,78,2,361.24,0,0,Новые
13209.0,59,5,2617.9,1,1,Лояльные
13211.0,56,7,866.65,0,2,Обычные
13213.0,50,2,614.95,0,0,Новые
13214.0,29,5,2392.92,0,1,Лояльные
13217.0,200,1,132.5,1,3,Группа риска
13219.0,163,1,76.23,1,3,Группа риска
13220.0,120,1,516.8,1,0,Новые
13222.0,122,1,88.5,1,0,Новые
13223.0,73,3,604.32,0,0,Новые
13230.0,29,11,2073.16,0,1,Лояльные
13233.0,239,1,290.63,0,3,Группа риска
13234.0,217,2,356.95,1,3,Группа риска
13238.0,135,1,117.0,0,0,Новые
13239.0,36,4,914.08,0,2,Обычные
13240.0,145,4,192.12,0,0,Новые
13242.0,12,3,390.0,0,0,Новые
13243.0,176,1,292.66,0,3,Группа риска
13246.0,0,2,517.21,0,0,Новые
13249.0,33,5,643.84,0,2,Обычные
13250.0,5,2,256.04,0,0,Новые
13252.0,168,2,288.9,0,3,Группа риска
13253.0,248,1,974.39,0,3,Группа риска
13255.0,57,1,279.25,0,0,Новые
13259.0,117,6,827.01,0,2,Обычные
13262.0,145,1,232.41,0,0,Новые
13266.0,44,8,1742.06,0,1,Лояльные
13267.0,56,13,2696.68,0,1,Лояльные
13269.0,50,10,2051.58,0,1,Лояльные
13275.0,177,1,180.16,0,3,Группа риска
13276.0,47,3,606.78,0,0,Новые
13277.0,15,2,153.5,0,0,Новые
13278.0,24,3,626.96,0,0,Новые
13280.0,178,2,453.0,0,3,Группа риска
13283.0,112,2,279.7,1,0,Новые
13285.0,145,2,655.47,1,0,Новые
13286.0,145,1,734.91,1,0,Новые
13287.0,128,7,519.67,1,2,Обычные
13288.0,43,5,817.16,0,2,Обычные
13289.0,268,1,307.95,1,3,Группа риска
13291.0,29,7,2500.66,0,1,Лояльные
13292.0,39,2,344.35,0,0,Новые
13293.0,84,5,844.99,0,2,Обычные
13294.0,191,1,815.79,1,3,Группа риска
13295.0,72,4,274.15,0,0,Новые
13296.0,31,4,578.09,0,0,Новые
13297.0,84,2,640.62,0,0,Новые
13299.0,67,2,321.48,0,0,Новые
13300.0,94,2,303.28000000000003,0,0,Новые
13302.0,71,1,95.45,1,0,Новые
13304.0,0,5,838.97,0,2,Обычные
13305.0,1,3,1270.85,0,2,Обычные
13307.0,32,2,258.34,1,0,Новые
13308.0,141,1,284.86,1,0,Новые
13313.0,24,10,1867.95,1,1,Лояльные
13315.0,234,1,310.26,1,3,Группа риска
13316.0,28,2,3209.29,0,1,Лояльные
13317.0,19,11,2293.2,0,1,Лояльные
13320.0,23,1,306.6,0,0,Новые
13324.0,23,5,1839.12,0,2,Обычные
13329.0,9,4,967.15,0,2,Обычные
13330.0,0,3,1665.25,1,2,Обычные
13333.0,2,2,863.88,0,0,Новые
13334.0,81,3,2720.18,1,2,Обычные
13337.0,63,2,1548.55,1,2,Обычные
13338.0,78,7,1791.8,1,2,Обычные
13346.0,7,6,299.4,1,2,Обычные
13357.0,39,4,3228.41,1,1,Лояльные
13360.0,22,4,1054.56,0,2,Обычные
13361.0,17,2,1450.5,1,2,Обычные
13371.0,43,4,2271.46,1,2,Обычные
13373.0,166,2,2154.85,0,2,Обычные
13377.0,184,3,757.87,0,3,Группа риска
13381.0,23,6,3077.06,0,1,Лояльные
13382.0,163,3,655.65,0,3,Группа риска
13383.0,88,1,305.28000000000003,1,0,Новые
13384.0,2,3,1921.74,0,2,Обычные
13388.0,148,1,508.55,1,0,Новые
13392.0,222,1,91.14,1,3,Группа риска
13393.0,128,6,1105.85,1,2,Обычные
13394.0,70,10,3027.11,0,1,Лояльные
13397.0,122,6,1246.53,0,2,Обычные
13399.0,9,3,275.4,1,0,Новые
13400.0,119,2,300.93,1,0,Новые
13402.0,50,2,605.62,0,0,Новые
13403.0,268,1,78.6,0,3,Группа риска
13405.0,18,6,624.11,1,2,Обычные
13406.0,172,2,128.46,0,3,Группа риска
13407.0,123,6,2111.89,1,2,Обычные
13410.0,240,3,667.62,0,3,Группа риска
13412.0,165,1,487.34999999999997,1,3,Группа риска
13413.0,184,8,345.8,1,2,Обычные
13414.0,8,4,1091.74,1,2,Обычные
13415.0,17,5,681.92,1,2,Обычные
13416.0,281,1,228.3,1,3,Группа риска
13417.0,92,5,953.0600000000001,1,2,Обычные
13418.0,17,9,3510.19,0,1,Лояльные
13421.0,31,7,1525.38,0,2,Обычные
13425.0,53,5,1751.72,1,2,Обычные
13426.0,4,8,3425.6800000000003,0,1,Лояльные
13427.0,22,3,423.93,1,0,Новые
13428.0,59,2,281.51,1,0,Новые
13431.0,79,4,769.0500000000001,0,2,Обычные
13432.0,116,2,439.1,1,0,Новые
13433.0,46,4,658.3199999999999,0,0,Новые
13434.0,5,2,716.1,0,0,Новые
13435.0,45,1,323.85,0,0,Новые
13438.0,92,1,46.5,1,0,Новые
13439.0,71,1,284.28000000000003,0,0,Новые
13442.0,212,3,419.87,1,3,Группа риска
13443.0,98,6,1051.47,0,2,Обычные
13444.0,51,1,135.29,0,0,Новые
13445.0,171,1,241.89999999999998,1,3,Группа риска
13448.0,113,4,2740.1,0,1,Лояльные
13450.0,2,7,1773.28,0,2,Обычные
13451.0,47,5,3334.55,0,1,Лояльные
13452.0,17,1,139.8,1,0,Новые
13454.0,186,1,219.87,1,3,Группа риска
13455.0,42,5,859.83,0,2,Обычные
13457.0,233,4,143.27,1,3,Группа риска
13459.0,169,2,1160.4099999999999,1,3,Группа риска
13461.0,58,3,2264.6,0,2,Обычные
13462.0,182,3,526.46,0,3,Группа риска
13464.0,18,4,700.41,0,2,Обычные
13465.0,131,1,611.5,0,0,Новые
13466.0,45,3,528.75,0,0,Новые
13469.0,198,1,82.4,1,3,Группа риска
13472.0,8,2,592.24,1,0,Новые
13473.0,119,7,1993.44,1,1,Лояльные
13474.0,40,1,365.05,0,0,Новые
13476.0,31,2,544.4,0,0,Новые
13477.0,0,5,1379.59,1,2,Обычные
13478.0,14,7,2068.03,1,1,Лояльные
13479.0,16,2,381.44,0,0,Новые
13480.0,224,1,493.94,0,3,Группа риска
13481.0,52,5,1575.33,0,2,Обычные
13482.0,172,1,151.45,1,3,Группа риска
13484.0,58,2,142.38,0,0,Новые
13485.0,15,7,1538.58,0,2,Обычные
13487.0,50,2,271.47,1,0,Новые
13490.0,199,1,154.25,1,3,Группа риска
13495.0,171,4,1208.86,0,2,Обычные
13497.0,57,4,818.78,0,2,Обычные
13498.0,275,1,327.38,1,3,Группа риска
13501.0,31,3,1529.79,1,2,Обычные
13502.0,93,1,307.9,0,0,Новые
13503.0,24,11,1576.69,1,1,Лояльные
13506.0,5,1,427.32,0,0,Новые
13508.0,187,1,176.07999999999998,1,3,Группа риска
13509.0,52,1,135.0,1,0,Новые
13510.0,80,8,1746.6100000000001,0,1,Лояльные
13511.0,28,2,244.61,1,0,Новые
13512.0,25,2,273.96000000000004,0,0,Новые
13513.0,192,2,272.04,0,3,Группа риска
13514.0,124,2,588.7,0,0,Новые
13515.0,189,1,188.1,0,3,Группа риска
13520.0,16,6,2426.55,0,1,Лояльные
13526.0,283,4,942.5999999999999,1,3,Группа риска
13527.0,50,5,1834.93,0,2,Обычные
13530.0,179,1,402.97999999999996,1,3,Группа риска
13531.0,43,4,949.27,0,2,Обычные
13534.0,9,6,730.72,0,2,Обычные
13538.0,201,2,803.54,0,3,Группа риска
13539.0,80,4,827.02,0,2,Обычные
13540.0,12,3,632.39,1,0,Новые
13541.0,115,1,310.35,0,0,Новые
13543.0,179,2,1439.6100000000001,1,3,Группа риска
13544.0,101,4,348.44,0,0,Новые
13545.0,89,2,96.85,0,0,Новые
13548.0,16,1,226.57999999999998,1,0,Новые
13551.0,211,1,152.39999999999998,1,3,Группа риска
13552.0,35,10,2188.5,0,1,Лояльные
13553.0,219,1,517.8,1,3,Группа риска
13555.0,87,8,2258.29,0,1,Лояльные
13557.0,0,9,1973.97,0,1,Лояльные
13559.0,57,2,990.0,1,0,Новые
13561.0,28,7,1173.7,0,2,Обычные
13562.0,73,4,2277.55,0,2,Обычные
13566.0,54,2,570.74,0,0,Новые
13567.0,17,4,685.89,0,2,Обычные
13571.0,3,10,1846.43,0,1,Лояльные
13573.0,182,1,81.85,0,3,Группа риска
13576.0,17,10,3600.85,0,1,Лояльные
13577.0,73,7,826.11,0,2,Обычные
13579.0,0,2,708.25,0,0,Новые
13582.0,162,1,77.5,0,3,Группа риска
13583.0,224,1,664.001,1,3,Группа риска
13584.0,43,4,204.75,1,0,Новые
13585.0,75,4,674.46,1,0,Новые
13586.0,86,1,131.53,1,0,Новые
13587.0,208,1,568.3,0,3,Группа риска
13589.0,72,3,652.59,0,0,Новые
13590.0,44,6,1868.31,0,2,Обычные
13591.0,105,4,641.0600000000001,0,0,Новые
13593.0,23,8,2864.18,0,1,Лояльные
13594.0,30,2,111.45000000000002,1,0,Новые
13595.0,61,3,818.22,1,0,Новые
13598.0,40,4,609.42,1,0,Новые
13599.0,105,10,2834.92,0,1,Лояльные
13600.0,179,1,298.9,1,3,Группа риска
13601.0,91,1,207.58,0,0,Новые
13602.0,105,1,169.38,0,0,Новые
13604.0,197,2,713.39,1,3,Группа риска
13605.0,116,1,169.89,0,0,Новые
13608.0,85,1,236.2,1,0,Новые
13609.0,138,1,167.35,1,0,Новые
13610.0,58,6,791.17,0,2,Обычные
13611.0,18,7,1462.31,0,2,Обычные
13612.0,63,2,777.79,1,0,Новые
13613.0,171,2,627.5,0,3,Группа риска
13614.0,96,1,304.85,0,0,Новые
13615.0,29,5,3473.69,0,1,Лояльные
13616.0,113,2,288.1,1,0,Новые
13617.0,5,2,247.37,0,0,Новые
13619.0,89,2,231.69,1,0,Новые
13620.0,73,1,112.34,1,0,Новые
13622.0,233,2,651.45,1,3,Группа риска
13623.0,95,5,1408.44,0,2,Обычные
13625.0,141,1,301.26,1,0,Новые
13627.0,33,3,593.53,1,0,Новые
13628.0,221,1,310.14,1,3,Группа риска
13632.0,113,3,872.7900000000001,0,0,Новые
13634.0,82,7,1643.69,0,2,Обычные
13635.0,262,3,786.05,0,3,Группа риска
13640.0,156,1,405.0,1,3,Группа риска
13641.0,185,7,921.82,1,2,Обычные
13643.0,30,8,650.32,0,2,Обычные
13647.0,39,4,1393.56,1,2,Обычные
13648.0,8,7,1373.77,0,2,Обычные
13649.0,21,3,728.51,0,0,Новые
13650.0,4,8,978.56,0,2,Обычные
13652.0,197,1,393.96000000000004,0,3,Группа риска
13653.0,32,1,152.2,1,0,Новые
13654.0,16,3,743.03,0,0,Новые
13655.0,119,3,565.72,0,0,Новые
13656.0,3,5,673.7,1,2,Обычные
13658.0,37,5,2669.8,0,1,Лояльные
13659.0,29,13,2871.63,0,1,Лояльные
13661.0,148,1,325.24,1,0,Новые
13662.0,72,6,680.85,0,2,Обычные
13663.0,191,1,545.45,0,3,Группа риска
13665.0,49,1,632.81,0,0,Новые
13666.0,280,1,19.5,0,3,Группа риска
13672.0,275,1,233.53000000000003,1,3,Группа риска
13676.0,84,3,153.15,1,0,Новые
13677.0,65,1,273.96,0,0,Новые
13679.0,38,3,281.26,1,0,Новые
13683.0,2,1,258.6,1,0,Новые
13684.0,107,3,349.46,0,0,Новые
13688.0,180,1,375.5,1,3,Группа риска
13693.0,17,9,1342.67,0,1,Лояльные
13695.0,122,1,266.6,1,0,Новые
13696.0,136,3,1374.5,0,2,Обычные
13698.0,141,2,465.53000000000003,1,0,Новые
13699.0,92,2,402.82,1,0,Новые
13700.0,213,3,54.300000000000004,0,3,Группа риска
13705.0,53,3,688.9399999999999,0,0,Новые
13706.0,171,1,300.38,1,3,Группа риска
13707.0,81,1,720.5,0,0,Новые
13709.0,92,3,771.33,0,0,Новые
13710.0,157,1,228.0,0,3,Группа риска
13711.0,105,12,1200.47,0,1,Лояльные
13712.0,155,1,537.58,1,3,Группа риска
13713.0,16,2,591.11,0,0,Новые
13714.0,10,1,161.35,1,0,Новые
13717.0,2,3,317.04,0,0,Новые
13719.0,23,5,1277.94,0,2,Обычные
13722.0,45,3,1887.0,0,2,Обычные
13723.0,105,2,420.58,0,0,Новые
13724.0,182,1,213.01,1,3,Группа риска
13727.0,156,7,733.82,1,2,Обычные
13728.0,2,8,1507.48,0,2,Обычные
13729.0,229,1,357.88,0,3,Группа риска
13733.0,276,2,146.60000000000002,0,3,Группа риска
13734.0,53,6,3451.2900000000004,1,1,Лояльные
13735.0,56,9,3503.73,0,1,Лояльные
13736.0,4,7,1730.34,0,2,Обычные
13739.0,72,1,75.3,1,0,Новые
13740.0,50,3,931.73,0,0,Новые
13745.0,86,2,469.73,1,0,Новые
13748.0,283,1,173.1,0,3,Группа риска
13750.0,72,4,923.67,0,2,Обычные
13752.0,72,1,404.45000000000005,1,0,Новые
13753.0,143,3,1353.31,1,2,Обычные
13756.0,72,5,1231.14,0,2,Обычные
13757.0,219,1,195.55,1,3,Группа риска
13758.0,116,9,3528.33,0,1,Лояльные
13760.0,80,3,669.04,0,0,Новые
13761.0,47,4,881.52,1,2,Обычные
13762.0,138,4,2165.76,1,2,Обычные
13764.0,114,3,1431.5,1,2,Обычные
13765.0,198,1,352.821,1,3,Группа риска
13766.0,40,1,190.35,1,0,Новые
13768.0,108,8,758.07,1,2,Обычные
13769.0,4,8,2013.97,0,1,Лояльные
13770.0,190,2,264.33000000000004,0,3,Группа риска
13771.0,78,5,3094.37,1,1,Лояльные
13772.0,57,3,1096.34,0,2,Обычные
13773.0,204,1,91.4,0,3,Группа риска
13775.0,135,1,1049.66,1,0,Новые
13778.0,36,4,937.84,1,2,Обычные
13779.0,60,1,161.13,1,0,Новые
13781.0,137,3,643.04,1,0,Новые
13782.0,33,7,728.02,0,2,Обычные
13783.0,32,4,1542.09,1,2,Обычные
13785.0,4,2,311.99,0,0,Новые
13786.0,129,5,1645.71,0,2,Обычные
13787.0,1,7,864.66,1,2,Обычные
13788.0,50,1,3.75,1,0,Новые
13793.0,191,1,96.0,1,3,Группа риска
13794.0,91,1,126.03,1,0,Новые
13795.0,51,2,432.35,0,0,Новые
13796.0,44,1,289.7,1,0,Новые
13797.0,113,3,655.87,0,0,Новые
13799.0,16,9,1076.58,0,2,Обычные
13800.0,281,1,478.7,0,3,Группа риска
13803.0,157,2,413.73,0,3,Группа риска
13807.0,119,3,284.7,0,0,Новые
13809.0,5,1,127.05000000000001,0,0,Новые
13813.0,66,7,1333.01,1,2,Обычные
13814.0,58,2,676.95,1,0,Новые
13815.0,9,3,2553.98,0,2,Обычные
13819.0,214,4,1490.75,1,3,Группа риска
13820.0,191,4,374.17,0,3,Группа риска
13821.0,238,3,692.2,0,3,Группа риска
13823.0,32,4,1929.92,0,2,Обычные
13824.0,5,6,1115.07,0,2,Обычные
13825.0,166,2,255.59,1,3,Группа риска
13830.0,119,2,135.95000000000002,1,0,Новые
13831.0,52,12,3385.37,0,1,Лояльные
13834.0,121,3,247.89,1,0,Новые
13835.0,64,4,210.25,1,0,Новые
13838.0,124,1,240.44,0,0,Новые
13839.0,31,1,139.95000000000002,1,0,Новые
13842.0,4,8,1049.8700000000001,0,2,Обычные
13847.0,264,1,310.72,1,3,Группа риска
13848.0,17,4,1440.0,0,2,Обычные
13849.0,169,1,509.65,0,3,Группа риска
13851.0,224,1,199.29999999999998,0,3,Группа риска
13852.0,151,2,170.45000000000002,1,0,Новые
13854.0,86,10,1915.02,0,1,Лояльные
13855.0,45,5,1253.94,1,2,Обычные
13856.0,8,10,695.48,1,2,Обычные
13857.0,33,2,400.93,0,0,Новые
13859.0,74,1,314.7,1,0,Новые
13861.0,67,2,106.47999999999999,0,0,Новые
13863.0,10,3,933.77,0,0,Новые
13869.0,40,4,3550.02,0,1,Лояльные
13870.0,17,3,1838.18,0,2,Обычные
13871.0,94,5,1115.85,0,2,Обычные
13872.0,58,6,891.32,1,2,Обычные
13873.0,119,2,262.7,0,0,Новые
13874.0,49,9,1448.75,1,1,Лояльные
13875.0,1,8,2726.28,0,1,Лояльные
13877.0,9,4,329.09,1,0,Новые
13878.0,92,3,1191.53,1,2,Обычные
13879.0,190,1,395.5,1,3,Группа риска
13880.0,31,2,343.71,0,0,Новые
13883.0,98,11,1628.64,0,1,Лояльные
13884.0,10,2,244.45,0,0,Новые
13888.0,39,4,1042.37,0,2,Обычные
13889.0,10,5,994.08,0,2,Обычные
13890.0,123,7,684.59,0,2,Обычные
13891.0,127,1,398.4,0,0,Новые
13892.0,22,2,634.68,1,0,Новые
13895.0,51,3,1335.5,1,2,Обычные
13896.0,170,1,388.55,1,3,Группа риска
13897.0,222,1,482.67,0,3,Группа риска
13900.0,49,2,582.92,0,0,Новые
13901.0,29,13,2448.48,0,1,Лояльные
13905.0,116,3,244.45,1,0,Новые
13907.0,236,1,136.8,1,3,Группа риска
13909.0,66,1,112.46,0,0,Новые
13911.0,17,12,1353.54,0,1,Лояльные
13913.0,51,1,42.22,1,0,Новые
13916.0,8,5,1260.51,1,2,Обычные
13919.0,85,1,617.27,0,0,Новые
13920.0,35,3,1027.86,0,2,Обычные
13921.0,85,2,349.1,0,0,Новые
13922.0,12,1,423.2,0,0,Новые
13929.0,35,9,1794.35,0,1,Лояльные
13931.0,2,5,3073.2200000000003,0,1,Лояльные
13939.0,73,4,447.40000000000003,0,0,Новые
13941.0,89,7,3703.54,0,1,Лояльные
13942.0,79,1,320.0,1,0,Новые
13943.0,122,1,246.54,1,0,Новые
13944.0,198,1,200.43,1,3,Группа риска
13945.0,24,1,515.65,0,0,Новые
13946.0,50,3,630.15,0,0,Новые
13948.0,190,3,250.41,0,3,Группа риска
13953.0,35,4,2625.0,0,1,Лояльные
13957.0,117,2,258.9,0,0,Новые
13959.0,56,1,43.25,0,0,Новые
13963.0,10,9,994.91,0,2,Обычные
13965.0,0,5,777.6600000000001,1,2,Обычные
13969.0,1,12,2184.46,0,1,Лояльные
13971.0,22,5,1522.78,0,2,Обычные
13974.0,122,3,249.93,1,0,Новые
13975.0,95,4,1424.4,0,2,Обычные
13976.0,51,3,834.38,1,0,Новые
13979.0,121,7,1213.56,0,2,Обычные
13980.0,9,5,268.52,0,0,Новые
13982.0,44,8,2129.08,0,1,Лояльные
13983.0,4,13,3649.04,0,1,Лояльные
13984.0,38,5,640.93,0,2,Обычные
13985.0,107,2,593.23,0,0,Новые
13988.0,170,1,310.2,0,3,Группа риска
13989.0,9,3,759.98,1,0,Новые
13992.0,8,1,75.9,0,0,Новые
13993.0,18,6,2090.8,0,1,Лояльные
13995.0,7,10,1583.64,0,1,Лояльные
13997.0,64,3,382.31,1,0,Новые
13998.0,56,2,278.9,0,0,Новые
14000.0,28,5,1021.22,0,2,Обычные
14001.0,14,2,885.87,0,0,Новые
14003.0,277,1,209.41,1,3,Группа риска
14006.0,73,4,1234.48,1,2,Обычные
14007.0,57,1,79.48,1,0,Новые
14009.0,7,1,404.3,1,0,Новые
14010.0,110,3,288.09999999999997,1,0,Новые
14011.0,25,3,451.91999999999996,1,0,Новые
14013.0,168,2,95.85,0,3,Группа риска
14014.0,121,1,276.65999999999997,0,0,Новые
14017.0,116,1,229.75,1,0,Новые
14018.0,190,1,367.15000000000003,1,3,Группа риска
14020.0,21,3,570.46,1,0,Новые
14021.0,86,2,479.82,0,0,Новые
14022.0,31,1,352.15000000000003,1,0,Новые
14026.0,15,2,713.11,1,0,Новые
14028.0,43,5,3175.5,1,1,Лояльные
14030.0,140,9,3096.38,0,1,Лояльные
14032.0,10,6,1206.3,0,2,Обычные
14033.0,100,1,109.44,1,0,Новые
14035.0,114,2,446.57,0,0,Новые
14037.0,23,5,608.75,1,2,Обычные
14038.0,201,2,690.2,0,3,Группа риска
14039.0,120,1,115.08000000000001,1,0,Новые
14042.0,270,1,431.98,1,3,Группа риска
14043.0,36,3,301.3,1,0,Новые
14044.0,31,4,1244.99,0,2,Обычные
14047.0,24,6,1701.26,0,2,Обычные
14051.0,26,9,3514.46,0,1,Лояльные
14053.0,31,1,170.8,0,0,Новые
14055.0,122,2,795.3199999999999,1,0,Новые
14057.0,23,4,1872.28,0,2,Обычные
14058.0,7,2,469.19,1,0,Новые
14060.0,3,6,895.8,0,2,Обычные
14061.0,52,3,917.4300000000001,1,0,Новые
14064.0,1,11,1626.03,0,1,Лояльные
14068.0,141,4,1239.1200000000001,1,2,Обычные
14069.0,59,2,230.06,1,0,Новые
14070.0,229,1,326.55,1,3,Группа риска
14072.0,211,1,390.85,1,3,Группа риска
14074.0,168,1,219.39999999999998,1,3,Группа риска
14075.0,15,2,369.39,0,0,Новые
14078.0,19,3,507.02,0,0,Новые
14079.0,227,1,243.63,1,3,Группа риска
14080.0,173,4,654.7,0,3,Группа риска
14081.0,142,10,3034.73,0,1,Лояльные
14083.0,56,2,79.28999999999999,0,0,Новые
14084.0,57,1,150.5,1,0,Новые
14085.0,15,11,3733.9,0,1,Лояльные
14086.0,7,1,39.95,1,0,Новые
14087.0,280,2,206.69,0,3,Группа риска
14092.0,8,8,2281.7000000000003,0,1,Лояльные
14095.0,267,1,2.95,1,3,Группа риска
14097.0,26,2,422.85999999999996,1,0,Новые
14099.0,50,6,1625.48,0,2,Обычные
14101.0,15,6,2727.22,0,1,Лояльные
14104.0,93,2,394.15,0,0,Новые
14105.0,88,3,1833.65,0,2,Обычные
14106.0,282,1,214.79999999999998,1,3,Группа риска
14107.0,57,3,1699.65,0,2,Обычные
14108.0,276,2,447.05,1,3,Группа риска
14114.0,88,2,569.35,0,0,Новые
14115.0,46,2,622.6700000000001,1,0,Новые
14119.0,263,1,66.48,0,3,Группа риска
14122.0,267,3,126.63999999999999,0,3,Группа риска
14123.0,278,1,436.18,1,3,Группа риска
14128.0,88,2,271.86,1,0,Новые
14129.0,0,3,997.02,0,2,Обычные
14130.0,273,1,358.32,0,3,Группа риска
14131.0,193,1,187.87,1,3,Группа риска
14133.0,278,1,305.5,1,3,Группа риска
14135.0,2,7,3029.59,0,1,Лояльные
14136.0,99,6,1194.1200000000001,0,2,Обычные
14137.0,226,2,294.1,1,3,Группа риска
14139.0,35,3,670.98,1,0,Новые
14142.0,30,3,344.13,0,0,Новые
14144.0,31,1,30.599999999999998,1,0,Новые
14146.0,178,4,1433.61,0,2,Обычные
14147.0,105,4,832.6,0,2,Обычные
14151.0,218,3,666.7,1,3,Группа риска
14152.0,1,3,620.71,0,0,Новые
14153.0,28,1,233.4,1,0,Новые
14154.0,64,5,1813.76,0,2,Обычные
14157.0,191,1,152.85,0,3,Группа риска
14159.0,60,9,2059.16,0,1,Лояльные
14161.0,33,3,1785.16,0,2,Обычные
14163.0,7,1,148.71,1,0,Новые
14166.0,50,2,256.85,1,0,Новые
14167.0,9,4,721.65,1,2,Обычные
14168.0,92,2,238.4,0,0,Новые
14171.0,275,1,135.0,1,3,Группа риска
14172.0,150,4,389.97,1,0,Новые
14173.0,186,3,116.11,1,3,Группа риска
14175.0,9,8,2766.47,0,1,Лояльные
14177.0,124,6,728.55,0,2,Обычные
14180.0,8,5,246.2,0,0,Новые
14181.0,107,1,216.1,0,0,Новые
14182.0,37,4,404.42,0,0,Новые
14183.0,26,1,139.58,0,0,Новые
14186.0,66,4,1185.49,0,2,Обычные
14187.0,18,1,123.5,1,0,Новые
14190.0,211,1,79.9,1,3,Группа риска
14195.0,119,5,1056.69,0,2,Обычные
14198.0,22,5,623.48,0,2,Обычные
14199.0,50,3,230.85,0,0,Новые
14200.0,162,1,379.2,1,3,Группа риска
14201.0,115,2,283.95,0,0,Новые
14202.0,101,2,333.21000000000004,0,0,Новые
14204.0,81,2,722.87,0,0,Новые
14205.0,0,6,1319.7,0,2,Обычные
14207.0,232,1,157.8,1,3,Группа риска
14208.0,96,1,415.31,1,0,Новые
14209.0,35,7,1628.6000000000001,0,2,Обычные
14210.0,15,13,3234.08,0,1,Лояльные
14211.0,36,11,1563.21,0,1,Лояльные
14215.0,15,3,1460.61,0,2,Обычные
14217.0,32,4,665.33,0,0,Новые
14219.0,38,1,395.64,0,0,Новые
14220.0,112,2,882.5999999999999,1,0,Новые
14221.0,15,8,2755.65,0,1,Лояльные
14224.0,29,3,671.65,0,0,Новые
14225.0,37,4,1605.3,0,2,Обычные
14227.0,101,5,2008.28,0,2,Обычные
14228.0,66,2,423.49,0,0,Новые
14229.0,16,1,389.64,0,0,Новые
14230.0,93,1,475.5,0,0,Новые
14233.0,10,4,1322.75,0,2,Обычные
14235.0,43,4,1573.1299999999999,1,2,Обычные
14236.0,15,3,521.73,0,0,Новые
14237.0,133,2,305.04,0,0,Новые
14238.0,207,2,287.38,1,3,Группа риска
14239.0,28,10,1460.6100000000001,0,1,Лояльные
14241.0,241,1,120.0,1,3,Группа риска
14243.0,21,1,2560.4,0,2,Обычные
14244.0,204,2,354.82,1,3,Группа риска
14247.0,68,3,328.18,0,0,Новые
14248.0,4,2,730.37,1,0,Новые
14253.0,38,2,363.40000000000003,1,0,Новые
14256.0,36,6,1462.28,1,2,Обычные
14257.0,46,2,1845.72,0,2,Обычные
14260.0,16,3,824.28,1,0,Новые
14264.0,117,3,639.84,0,0,Новые
14265.0,9,2,843.17,1,0,Новые
14268.0,15,1,354.85,1,0,Новые
14272.0,107,2,482.85,1,0,Новые
14274.0,231,1,256.6,1,3,Группа риска
14275.0,75,3,376.08,0,0,Новые
14276.0,24,6,611.78,0,2,Обычные
14279.0,65,2,191.86,1,0,Новые
14282.0,2,6,2624.4,0,1,Лояльные
14283.0,8,4,628.4399999999999,1,0,Новые
14284.0,198,1,704.4,1,3,Группа риска
14285.0,58,5,1248.63,1,2,Обычные
14286.0,184,5,2577.9,0,1,Лояльные
14290.0,85,7,1084.68,0,2,Обычные
14291.0,42,6,2538.31,0,1,Лояльные
14292.0,52,7,1787.53,0,2,Обычные
14293.0,232,4,1165.75,0,3,Группа риска
14295.0,60,5,1294.4,0,2,Обычные
14296.0,119,1,168.25,0,0,Новые
14301.0,117,3,913.6700000000001,0,0,Новые
14302.0,207,2,471.25,0,3,Группа риска
14304.0,112,2,657.12,0,0,Новые
14306.0,44,2,453.28000000000003,0,0,Новые
14307.0,53,5,1284.25,0,2,Обычные
14309.0,95,1,664.24,0,0,Новые
14311.0,112,1,206.19,1,0,Новые
14312.0,49,1,785.33,0,0,Новые
14315.0,78,3,711.74,1,0,Новые
14316.0,92,5,1049.1,0,2,Обычные
14318.0,5,1,158.02,1,0,Новые
14320.0,91,4,861.01,1,2,Обычные
14321.0,18,1,377.12,0,0,Новые
14322.0,182,3,120.15,0,3,Группа риска
14324.0,238,1,361.81,0,3,Группа риска
14325.0,114,1,245.48000000000002,1,0,Новые
14326.0,8,2,757.13,1,0,Новые
14327.0,175,3,945.32,0,3,Группа риска
14329.0,18,11,3148.81,0,1,Лояльные
14330.0,168,1,200.63,1,3,Группа риска
14334.0,16,3,1208.43,0,2,Обычные
14338.0,81,1,339.88,1,0,Новые
14341.0,74,7,1581.72,0,2,Обычные
14342.0,15,2,146.43,0,0,Новые
14343.0,54,3,868.53,0,0,Новые
14344.0,16,7,1312.67,0,2,Обычные
14346.0,42,1,672.93,0,0,Новые
14347.0,281,1,82.6,1,3,Группа риска
14355.0,172,1,301.14,0,3,Группа риска
14361.0,123,1,214.70999999999998,1,0,Новые
14365.0,226,1,324.5,0,3,Группа риска
14366.0,70,1,136.0,1,0,Новые
14369.0,187,2,469.13,1,3,Группа риска
14370.0,29,8,969.73,0,2,Обычные
14372.0,144,2,560.45,0,0,Новые
14374.0,86,1,108.0,1,0,Новые
14375.0,86,1,345.0,0,0,Новые
14376.0,228,1,215.46,1,3,Группа риска
14378.0,166,1,131.25,1,3,Группа риска
14379.0,25,1,320.76,0,0,Новые
14384.0,45,1,58.5,1,0,Новые
14388.0,12,7,2239.9,0,1,Лояльные
14389.0,56,5,502.15,0,2,Обычные
14391.0,121,1,135.6,1,0,Новые
14394.0,109,1,93.8,1,0,Новые
14396.0,40,5,1523.59,0,2,Обычные
14398.0,72,1,446.49,0,0,Новые
14399.0,17,6,1423.83,0,2,Обычные
14400.0,176,1,656.25,0,3,Группа риска
14401.0,16,10,2369.06,0,1,Лояльные
14402.0,197,1,285.6,1,3,Группа риска
14403.0,128,4,396.45,1,0,Новые
14404.0,40,8,1231.91,0,2,Обычные
14408.0,16,4,1503.2400000000002,1,2,Обычные
14409.0,30,2,787.9499999999999,0,0,Новые
14413.0,227,2,465.5,0,3,Группа риска
14420.0,46,4,834.3,0,2,Обычные
14421.0,57,5,1643.51,1,2,Обычные
14423.0,239,1,244.79999999999998,0,3,Группа риска
14425.0,267,2,422.29,0,3,Группа риска
14427.0,39,2,900.1800000000001,1,0,Новые
14430.0,56,5,956.4000000000001,1,2,Обычные
14431.0,0,2,2017.18,0,2,Обычные
14433.0,10,1,289.6,1,0,Новые
14435.0,46,1,90.42,1,0,Новые
14436.0,98,1,182.64000000000001,1,0,Новые
14437.0,29,3,642.34,0,0,Новые
14440.0,143,4,2093.75,0,2,Обычные
14441.0,53,6,1833.72,0,2,Обычные
14442.0,4,5,2322.65,0,2,Обычные
14444.0,1,1,132.04,1,0,Новые
14445.0,0,1,221.65,1,0,Новые
14450.0,155,1,196.07999999999998,0,3,Группа риска
14451.0,43,11,1608.14,0,1,Лояльные
14452.0,66,1,127.3,0,0,Новые
14454.0,103,4,574.75,0,0,Новые
14455.0,1,4,342.71,0,0,Новые
14459.0,78,2,3501.221,1,1,Лояльные
14460.0,131,4,356.14,0,0,Новые
14461.0,29,8,3205.18,0,1,Лояльные
14463.0,44,1,256.95,1,0,Новые
14464.0,113,2,111.0,1,0,Новые
14465.0,50,7,2493.21,0,1,Лояльные
14466.0,93,5,1210.85,0,2,Обычные
14467.0,65,5,826.48,0,2,Обычные
14468.0,278,1,204.24,1,3,Группа риска
14469.0,39,3,1429.13,0,2,Обычные
14471.0,136,2,400.95,1,0,Новые
14472.0,234,1,291.38,1,3,Группа риска
14474.0,124,1,730.42,1,0,Новые
14477.0,49,4,487.8,0,0,Новые
14478.0,31,3,932.5600000000001,0,0,Новые
14479.0,278,1,355.13,0,3,Группа риска
14480.0,246,2,299.6,0,3,Группа риска
14481.0,157,3,517.23,0,3,Группа риска
14482.0,15,2,536.7,0,0,Новые
14483.0,281,1,120.0,1,3,Группа риска
14484.0,182,2,528.6800000000001,0,3,Группа риска
14486.0,56,2,175.5,1,0,Новые
14489.0,37,2,765.1,0,0,Новые
14492.0,1,9,1194.21,0,2,Обычные
14493.0,52,6,1811.04,0,2,Обычные
14494.0,276,1,114.3,0,3,Группа риска
14495.0,192,2,42.5,1,3,Группа риска
14496.0,124,2,1031.74,0,0,Новые
14497.0,218,1,221.69,1,3,Группа риска
14498.0,32,3,839.64,0,0,Новые
14499.0,14,1,357.11,0,0,Новые
14506.0,144,1,391.5,0,0,Новые
14507.0,194,3,370.46,0,3,Группа риска
14508.0,85,2,308.61,0,0,Новые
14509.0,79,1,110.95,1,0,Новые
14512.0,59,4,623.6800000000001,0,0,Новые
14513.0,113,1,271.46000000000004,0,0,Новые
14514.0,57,6,2583.48,0,1,Лояльные
14515.0,95,1,196.1,0,0,Новые
14516.0,61,1,163.92,1,0,Новые
14519.0,228,2,206.09,1,3,Группа риска
14521.0,22,2,167.65,1,0,Новые
14522.0,140,4,784.08,1,2,Обычные
14525.0,28,6,2661.0099999999998,0,1,Лояльные
14530.0,65,9,1837.43,0,1,Лояльные
14531.0,24,1,376.34,1,0,Новые
14532.0,75,6,2141.95,0,1,Лояльные
14533.0,22,5,1068.0,0,2,Обычные
14534.0,74,3,802.27,0,0,Новые
14535.0,52,6,2550.15,0,1,Лояльные
14537.0,151,2,279.89,1,0,Новые
14538.0,75,3,982.59,1,0,Новые
14540.0,22,7,1922.15,0,1,Лояльные
14541.0,24,5,939.78,0,2,Обычные
14544.0,15,1,957.98,1,0,Новые
14545.0,219,1,349.25,1,3,Группа риска
14546.0,54,8,1716.13,0,1,Лояльные
14548.0,29,7,1974.69,1,1,Лояльные
14549.0,138,2,510.31,0,0,Новые
14550.0,28,1,289.51,0,0,Новые
14551.0,47,2,178.85,0,0,Новые
14552.0,137,1,173.72,0,0,Новые
14553.0,54,2,489.51,0,0,Новые
14555.0,72,4,1268.49,0,2,Обычные
14556.0,141,3,835.34,1,0,Новые
14558.0,198,5,614.1,1,3,Группа риска
14562.0,8,7,1282.63,0,2,Обычные
14563.0,54,2,679.44,1,0,Новые
14564.0,274,2,945.38,0,3,Группа риска
14565.0,18,1,760.1,1,0,Новые
14566.0,21,2,1340.0,0,2,Обычные
14569.0,38,2,238.04999999999998,0,0,Новые
14572.0,103,2,1001.85,0,0,Новые
14573.0,89,4,554.9,0,0,Новые
14574.0,277,1,143.70000000000002,1,3,Группа риска
14575.0,33,1,460.71,1,0,Новые
14577.0,226,2,323.74,0,3,Группа риска
14580.0,63,1,14.850000000000001,1,0,Новые
14581.0,89,1,295.2,1,0,Новые
14583.0,78,2,534.08,0,0,Новые
14584.0,72,3,541.25,0,0,Новые
14588.0,123,1,135.39,1,0,Новые
14593.0,81,11,1875.4,0,1,Лояльные
14595.0,233,1,202.35,0,3,Группа риска
14596.0,171,1,229.47,1,3,Группа риска
14598.0,114,2,1.7763568394002505e-15,1,0,Новые
14599.0,54,1,185.64000000000001,0,0,Новые
14602.0,201,1,205.35999999999999,1,3,Группа риска
14604.0,178,1,143.85999999999999,1,3,Группа риска
14605.0,142,3,589.96,0,0,Новые
14608.0,43,6,777.74,0,2,Обычные
14609.0,4,5,620.64,0,2,Обычные
14610.0,59,1,13.45,0,0,Новые
14611.0,143,1,291.4,0,0,Новые
14613.0,225,1,76.32000000000001,1,3,Группа риска
14615.0,49,4,498.25,0,0,Новые
14616.0,93,1,42.5,0,0,Новые
14618.0,91,1,245.73000000000002,0,0,Новые
14619.0,86,1,896.8000000000001,1,0,Новые
14621.0,51,10,1112.51,1,1,Лояльные
14623.0,0,5,1009.88,0,2,Обычные
14624.0,79,3,487.66,0,0,Новые
14625.0,0,8,2284.6,0,1,Лояльные
14626.0,52,6,1883.67,0,2,Обычные
14628.0,186,2,693.73,0,3,Группа риска
14630.0,29,1,338.65,1,0,Новые
14631.0,31,2,315.43,0,0,Новые
14634.0,10,6,1619.6200000000001,0,2,Обычные
14637.0,222,1,106.67999999999999,1,3,Группа риска
14639.0,64,2,1353.09,0,2,Обычные
14640.0,56,7,1082.53,0,2,Обычные
14643.0,162,3,986.08,1,3,Группа риска
14644.0,35,3,687.35,0,0,Новые
14645.0,170,2,243.15,1,3,Группа риска
14647.0,68,1,276.75,1,0,Новые
14649.0,107,4,1291.01,0,2,Обычные
14650.0,133,1,62.5,1,0,Новые
14651.0,74,5,934.9200000000001,0,2,Обычные
14653.0,58,5,1666.99,1,2,Обычные
14654.0,283,1,246.86,1,3,Группа риска
14655.0,64,5,1487.3899999999999,0,2,Обычные
14656.0,58,2,322.07,0,0,Новые
14662.0,177,2,221.65,0,3,Группа риска
14665.0,137,1,279.6,0,0,Новые
14669.0,178,4,1973.94,1,2,Обычные
14670.0,277,1,190.47,1,3,Группа риска
14671.0,94,2,1127.45,1,0,Новые
14672.0,60,2,347.59,1,0,Новые
14674.0,54,1,173.66,1,0,Новые
14676.0,75,3,1091.64,0,2,Обычные
14677.0,137,1,184.91,1,0,Новые
14678.0,116,2,386.44,1,0,Новые
14679.0,58,3,902.9599999999999,0,0,Новые
14681.0,189,2,168.0,0,3,Группа риска
14682.0,80,3,606.17,0,0,Новые
14683.0,133,1,146.56,1,0,Новые
14686.0,204,3,309.02,0,3,Группа риска
14687.0,96,1,311.65999999999997,0,0,Новые
14688.0,1,1,359.28,0,0,Новые
14692.0,29,5,621.04,0,2,Обычные
14693.0,12,4,610.96,0,0,Новые
14694.0,162,1,244.31,1,3,Группа риска
14695.0,64,4,1552.57,1,2,Обычные
14699.0,38,2,417.54,0,0,Новые
14700.0,30,1,341.37,0,0,Новые
14701.0,67,3,1054.25,0,2,Обычные
14702.0,29,10,2468.44,0,1,Лояльные
14704.0,169,1,119.84,0,3,Группа риска
14706.0,163,1,390.69,1,3,Группа риска
14707.0,121,1,69.6,0,0,Новые
14708.0,0,1,305.40999999999997,0,0,Новые
14709.0,5,10,3128.0,0,1,Лояльные
14710.0,67,7,983.22,0,2,Обычные
14713.0,43,9,1380.85,0,1,Лояльные
14714.0,120,4,457.88,0,0,Новые
14715.0,65,3,809.87,0,0,Новые
14717.0,278,2,72.8,1,3,Группа риска
14722.0,22,2,325.45,1,0,Новые
14723.0,87,3,430.14,0,0,Новые
14724.0,135,1,345.25,1,0,Новые
14725.0,79,2,266.81,0,0,Новые
14726.0,199,1,124.75,1,3,Группа риска
14727.0,91,3,22.55,1,0,Новые
14729.0,170,2,280.4,0,3,Группа риска
14732.0,50,11,1941.0,0,1,Лояльные
14734.0,38,2,437.08,0,0,Новые
14736.0,30,2,401.08,1,0,Новые
14738.0,72,3,473.7,1,0,Новые
14740.0,2,7,1898.51,0,1,Лояльные
14743.0,137,1,50.48,1,0,Новые
14744.0,108,5,1085.09,0,2,Обычные
14745.0,46,11,1324.3,1,1,Лояльные
14748.0,65,8,352.26,0,2,Обычные
14749.0,24,1,310.15,1,0,Новые
14750.0,281,1,112.03,1,3,Группа риска
14751.0,229,2,126.45,1,3,Группа риска
14753.0,5,1,306.36,1,0,Новые
14754.0,72,3,505.43,0,0,Новые
14758.0,53,2,1059.55,0,0,Новые
14762.0,171,1,117.05000000000001,1,3,Группа риска
14766.0,17,4,2657.05,0,1,Лояльные
14767.0,19,1,382.81,1,0,Новые
14769.0,15,7,3337.12,0,1,Лояльные
14770.0,12,7,2748.4700000000003,1,1,Лояльные
14771.0,150,3,579.92,1,0,Новые
14773.0,133,2,125.7,1,0,Новые
14774.0,73,1,241.45,1,0,Новые
14783.0,200,2,305.35,1,3,Группа риска
14786.0,95,1,90.96,1,0,Новые
14787.0,16,1,110.65,1,0,Новые
14788.0,141,1,476.88,1,0,Новые
14790.0,78,4,1035.44,0,2,Обычные
14791.0,151,1,303.63,1,3,Группа риска
14793.0,80,1,396.91,1,0,Новые
14794.0,32,1,121.59,0,0,Новые
14796.0,8,6,934.98,0,2,Обычные
14797.0,52,1,300.31,1,0,Новые
14798.0,77,5,520.97,0,2,Обычные
14799.0,282,1,180.45,1,3,Группа риска
14805.0,61,2,368.64,0,0,Новые
14807.0,194,1,349.64,0,3,Группа риска
14809.0,166,2,686.76,1,3,Группа риска
14812.0,143,1,185.8,1,0,Новые
14813.0,155,1,460.34,0,3,Группа риска
14814.0,126,1,160.46,1,0,Новые
14817.0,57,4,1514.58,0,2,Обычные
14818.0,3,3,512.61,1,0,Новые
14819.0,39,2,198.09,1,0,Новые
14820.0,137,2,265.12,0,0,Новые
14821.0,176,3,293.65,0,3,Группа риска
14822.0,30,1,157.70000000000002,1,0,Новые
14824.0,109,5,1544.25,0,2,Обычные
14825.0,52,7,1393.96,0,2,Обычные
14826.0,126,2,385.2,1,0,Новые
14831.0,119,7,1623.97,1,2,Обычные
14833.0,43,1,94.8,1,0,Новые
14835.0,72,3,293.09999999999997,1,0,Новые
14837.0,10,5,1435.95,0,2,Обычные
14838.0,281,1,119.10000000000001,0,3,Группа риска
14839.0,124,2,609.08,0,0,Новые
14840.0,72,2,277.36,1,0,Новые
14841.0,38,6,2640.09,0,1,Лояльные
14844.0,25,5,2676.5,0,1,Лояльные
14845.0,144,1,150.0,1,0,Новые
14847.0,109,1,304.79999999999995,0,0,Новые
14850.0,113,2,473.32,0,0,Новые
14851.0,175,1,318.06,1,3,Группа риска
14852.0,22,11,2530.27,0,1,Лояльные
14853.0,88,2,581.87,0,0,Новые
14854.0,21,5,1244.83,0,2,Обычные
14857.0,78,5,1521.371,0,2,Обычные
14858.0,50,1,180.75,1,0,Новые
14859.0,99,1,351.9,1,0,Новые
14861.0,32,10,719.3,0,2,Обычные
14865.0,283,1,31.200000000000003,0,3,Группа риска
14866.0,15,1,10.0,0,0,Новые
14869.0,19,4,1577.39,0,2,Обычные
14870.0,43,6,1095.2,0,2,Обычные
14871.0,38,5,736.59,1,2,Обычные
14872.0,25,4,802.6800000000001,1,2,Обычные
14873.0,178,1,334.45,1,3,Группа риска
14874.0,80,1,116.18,1,0,Новые
14876.0,66,2,256.7,1,0,Новые
14877.0,187,1,206.7,0,3,Группа риска
14879.0,229,1,185.06,1,3,Группа риска
14882.0,60,9,938.1,0,2,Обычные
14884.0,214,1,120.6,1,3,Группа риска
14885.0,10,1,241.2,0,0,Новые
14890.0,163,2,691.6,1,3,Группа риска
14892.0,235,1,202.35000000000002,1,3,Группа риска
14893.0,112,4,544.41,1,0,Новые
14894.0,105,3,219.10000000000002,0,0,Новые
14896.0,58,8,1247.48,0,2,Обычные
14897.0,137,2,621.66,0,0,Новые
14898.0,44,8,1401.67,0,2,Обычные
14900.0,67,1,13.919999999999998,1,0,Новые
14901.0,9,2,296.96000000000004,0,0,Новые
14902.0,88,2,381.6,0,0,Новые
14905.0,52,5,962.25,0,2,Обычные
14907.0,147,2,282.12,0,0,Новые
14908.0,8,1,104.10000000000001,1,0,Новые
14909.0,109,3,1094.33,0,2,Обычные
14913.0,30,1,651.46,0,0,Новые
14915.0,4,6,996.1500000000001,0,2,Обычные
14916.0,115,5,1068.21,0,2,Обычные
14917.0,141,2,1123.75,1,0,Новые
14918.0,1,6,3316.37,0,1,Лояльные
14919.0,84,1,359.35,1,0,Новые
14920.0,110,1,629.4,1,0,Новые
14922.0,52,1,540.29,0,0,Новые
14924.0,155,2,620.96,1,3,Группа риска
14926.0,133,2,198.45,0,0,Новые
14928.0,164,2,204.46,1,3,Группа риска
14930.0,15,5,2768.73,0,1,Лояльные
14935.0,164,1,1065.12,1,3,Группа риска
14936.0,112,3,1181.73,0,2,Обычные
14938.0,47,4,2289.43,1,2,Обычные
14940.0,278,1,182.01,0,3,Группа риска
14941.0,123,1,182.1,1,0,Новые
14942.0,137,4,400.78,0,0,Новые
14943.0,208,1,107.62,1,3,Группа риска
14944.0,23,7,2409.27,0,1,Лояльные
14947.0,74,3,588.52,0,0,Новые
14949.0,4,6,498.55,1,2,Обычные
14954.0,248,1,167.27,1,3,Группа риска
14955.0,277,1,163.77,1,3,Группа риска
14957.0,189,1,274.8,1,3,Группа риска
14958.0,140,3,458.26,1,0,Новые
14962.0,84,3,240.21000000000004,1,0,Новые
14963.0,70,1,189.66,0,0,Новые
14966.0,268,2,335.12,0,3,Группа риска
14967.0,84,3,467.52000000000004,0,0,Новые
14968.0,3,1,357.4,1,0,Новые
14969.0,248,1,906.23,1,3,Группа риска
14970.0,75,11,1528.84,0,1,Лояльные
14977.0,270,1,31.929999999999996,1,3,Группа риска
14978.0,53,5,857.58,0,2,Обычные
14979.0,280,1,439.46,1,3,Группа риска
14980.0,282,1,150.68,1,3,Группа риска
14982.0,117,1,237.78,1,0,Новые
14983.0,234,1,183.20000000000002,1,3,Группа риска
14984.0,96,3,509.5,0,0,Новые
14986.0,229,1,323.38,0,3,Группа риска
14987.0,263,5,485.09999999999997,0,3,Группа риска
14988.0,129,2,506.42,0,0,Новые
14989.0,206,1,342.4,1,3,Группа риска
14990.0,157,2,305.42,1,3,Группа риска
14993.0,108,1,36.13,1,0,Новые
14994.0,133,4,310.58,0,0,Новые
14996.0,26,2,442.28999999999996,1,0,Новые
14997.0,200,1,230.4,1,3,Группа риска
14998.0,150,1,113.49,0,3,Группа риска
14999.0,137,1,129.48000000000002,1,0,Новые
15002.0,52,5,2543.87,0,1,Лояльные
15003.0,18,7,1055.7,1,2,Обычные
15008.0,25,2,360.0,1,0,Новые
15012.0,121,1,246.52,0,0,Новые
15013.0,32,10,1641.3,1,1,Лояльные
15016.0,88,1,141.8,0,0,Новые
15021.0,43,1,246.07,0,0,Новые
15022.0,222,1,281.05,1,3,Группа риска
15023.0,38,9,3515.36,0,1,Лояльные
15025.0,113,1,636.08,1,0,Новые
15027.0,108,4,1156.16,0,2,Обычные
15029.0,163,2,362.15,1,3,Группа риска
15030.0,96,4,931.2800000000001,0,2,Обычные
15031.0,84,8,1701.03,0,1,Лояльные
15032.0,31,3,2783.95,0,2,Обычные
15034.0,70,2,1144.95,0,0,Новые
15040.0,86,1,7.49,1,0,Новые
15042.0,140,1,179.52,1,0,Новые
15043.0,8,5,2336.7999999999997,1,1,Лояльные
15046.0,33,10,2185.11,0,1,Лояльные
15050.0,25,1,1341.49,0,0,Новые
15051.0,45,5,1524.49,0,2,Обычные
15055.0,19,3,560.07,1,0,Новые
15056.0,65,1,133.45,1,0,Новые
15057.0,170,3,793.64,0,3,Группа риска
15058.0,12,4,740.0500000000001,0,2,Обычные
15059.0,19,12,1509.14,0,1,Лояльные
15062.0,45,3,1062.43,0,2,Обычные
15064.0,37,3,864.0600000000001,0,0,Новые
15067.0,141,2,751.89,0,0,Новые
15068.0,166,1,334.87,0,3,Группа риска
15070.0,136,2,630.85,0,0,Новые
15071.0,115,1,166.24,0,0,Новые
15072.0,24,1,187.51999999999998,1,0,Новые
15073.0,141,2,725.78,0,0,Новые
15074.0,12,1,359.65999999999997,0,0,Новые
15076.0,37,4,544.99,1,0,Новые
15077.0,1,4,2423.88,1,2,Обычные
15079.0,15,12,2651.14,0,1,Лояльные
15080.0,46,1,361.35,0,0,Новые
15081.0,8,4,960.5,0,2,Обычные
15082.0,213,1,93.35000000000001,1,3,Группа риска
15084.0,190,1,349.4,0,3,Группа риска
15085.0,274,1,347.54,1,3,Группа риска
15086.0,109,2,218.53,1,0,Новые
15091.0,16,4,546.15,1,0,Новые
15092.0,7,1,318.65,0,0,Новые
15094.0,8,2,83.0,1,0,Новые
15095.0,37,4,1254.29,0,2,Обычные
15097.0,128,4,338.97,1,0,Новые
15100.0,233,3,123.8,0,3,Группа риска
15101.0,52,6,1133.26,0,2,Обычные
15102.0,75,2,554.67,1,0,Новые
15105.0,171,1,330.38,0,3,Группа риска
15109.0,124,2,498.15000000000003,1,0,Новые
15110.0,30,1,301.65000000000003,0,0,Новые
15111.0,137,1,286.81,0,0,Новые
15112.0,156,1,209.4,1,3,Группа риска
15115.0,262,2,187.99,1,3,Группа риска
15117.0,179,2,359.69,0,3,Группа риска
15122.0,4,7,2348.39,0,1,Лояльные
15123.0,178,1,456.65999999999997,0,3,Группа риска
15124.0,21,2,266.63,1,0,Новые
15126.0,81,2,449.49,1,0,Новые
15127.0,64,1,304.97,1,0,Новые
15129.0,1,9,2552.95,0,1,Лояльные
15133.0,65,1,518.78,0,0,Новые
15135.0,101,1,166.63,1,0,Новые
15137.0,65,5,747.55,1,2,Обычные
15141.0,2,9,1378.31,1,1,Лояльные
15142.0,8,3,1272.11,0,2,Обычные
15144.0,23,8,3386.9700000000003,0,1,Лояльные
15149.0,121,4,1033.81,1,2,Обычные
15150.0,1,3,3686.61,1,1,Лояльные
15151.0,54,1,969.35,0,0,Новые
15152.0,240,2,513.73,1,3,Группа риска
15154.0,23,2,1091.99,1,0,Новые
15157.0,114,2,718.04,1,0,Новые
15162.0,273,2,241.5,1,3,Группа риска
15164.0,61,4,743.77,0,2,Обычные
15166.0,12,1,167.16,1,0,Новые
15167.0,218,1,686.03,0,3,Группа риска
15169.0,271,1,356.17,0,3,Группа риска
15173.0,79,6,990.49,0,2,Обычные
15176.0,141,2,985.09,1,0,Новые
15180.0,134,1,452.84000000000003,0,0,Новые
15182.0,44,5,1601.421,0,2,Обычные
15183.0,92,4,637.03,1,0,Новые
15184.0,268,1,123.19,0,3,Группа риска
15186.0,19,3,991.7900000000001,1,2,Обычные
15188.0,270,1,310.43,1,3,Группа риска
15189.0,3,2,386.88000000000005,0,0,Новые
15191.0,8,3,588.05,1,0,Новые
15192.0,120,2,622.07,0,0,Новые
15194.0,17,10,2513.01,0,1,Лояльные
15196.0,271,1,152.25,0,3,Группа риска
15197.0,273,1,117.96000000000001,0,3,Группа риска
15198.0,162,2,207.31,0,3,Группа риска
15199.0,9,4,1241.7,0,2,Обычные
15200.0,39,1,549.05,1,0,Новые
15201.0,156,1,293.06,0,3,Группа риска
15203.0,28,7,1937.45,0,1,Лояльные
15207.0,86,2,401.75,0,0,Новые
15209.0,275,1,178.98000000000002,1,3,Группа риска
15210.0,120,1,301.92,0,0,Новые
15215.0,129,2,466.22,0,0,Новые
15216.0,163,1,389.49,1,3,Группа риска
15217.0,108,1,426.24,1,0,Новые
15219.0,193,1,379.7,1,3,Группа риска
15221.0,133,4,716.1,0,0,Новые
15223.0,154,3,662.2,1,0,Новые
15224.0,57,5,526.78,1,2,Обычные
15227.0,8,3,885.14,0,0,Новые
15228.0,44,1,960.41,0,0,Новые
15229.0,131,1,160.5,1,0,Новые
15231.0,141,2,228.35999999999999,1,0,Новые
15240.0,9,8,1371.7,0,2,Обычные
15241.0,115,2,848.26,0,0,Новые
15244.0,205,2,218.61,1,3,Группа риска
15245.0,18,4,1558.54,0,2,Обычные
15246.0,100,1,266.25,1,0,Новые
15247.0,9,3,611.11,1,0,Новые
15248.0,21,3,1661.48,0,2,Обычные
15249.0,57,5,2054.89,0,2,Обычные
15250.0,185,1,60.0,1,3,Группа риска
15252.0,121,3,969.47,0,0,Новые
15253.0,38,3,898.09,0,0,Новые
15254.0,91,3,773.04,1,0,Новые
15255.0,5,5,1380.19,0,2,Обычные
15256.0,106,1,71.95,1,0,Новые
15259.0,57,4,1182.3799999999999,1,2,Обычные
15262.0,33,1,127.07,0,0,Новые
15264.0,24,2,450.46000000000004,1,0,Новые
15265.0,149,2,1839.52,1,2,Обычные
15266.0,227,3,281.69,0,3,Группа риска
15268.0,23,4,941.2500000000001,1,2,Обычные
15270.0,105,13,2703.87,0,1,Лояльные
15271.0,2,3,986.29,0,2,Обычные
15272.0,58,3,1081.17,0,2,Обычные
15273.0,144,1,228.96,1,0,Новые
15278.0,106,4,496.15999999999997,1,0,Новые
15279.0,53,4,969.56,0,2,Обычные
15280.0,33,2,293.09999999999997,1,0,Новые
15282.0,115,1,348.59,1,0,Новые
15283.0,32,3,101.53,0,0,Новые
15284.0,45,1,24.75,1,0,Новые
15287.0,282,1,58.2,0,3,Группа риска
15288.0,140,2,768.5600000000001,0,0,Новые
15289.0,3,2,653.3100000000001,0,0,Новые
15290.0,9,6,1521.29,0,2,Обычные
15293.0,210,1,247.5,1,3,Группа риска
15295.0,199,1,217.23999999999998,1,3,Группа риска
15298.0,10,13,3281.5099999999998,0,1,Лояльные
15299.0,241,2,703.52,0,3,Группа риска
15302.0,267,2,291.05,1,3,Группа риска
15303.0,110,3,604.76,1,0,Новые
15305.0,100,1,93.6,1,0,Новые
15306.0,45,7,2306.63,1,1,Лояльные
15309.0,155,10,715.53,1,2,Обычные
15310.0,23,1,1634.64,1,2,Обычные
15312.0,126,6,1404.94,0,2,Обычные
15317.0,222,2,112.05000000000001,1,3,Группа риска
15321.0,108,12,2964.01,0,1,Лояльные
15322.0,21,1,711.18,1,0,Новые
15323.0,78,4,320.9,1,0,Новые
15324.0,246,1,140.22000000000003,1,3,Группа риска
15325.0,18,6,960.86,0,2,Обычные
15326.0,141,9,1218.1100000000001,1,2,Обычные
15329.0,86,9,1037.28,0,2,Обычные
15331.0,44,4,755.41,1,2,Обычные
15332.0,58,1,1706.23,0,2,Обычные
15338.0,222,1,283.43,1,3,Группа риска
15339.0,2,4,553.12,0,0,Новые
15340.0,106,1,105.5,1,0,Новые
15352.0,93,1,114.95,1,0,Новые
15353.0,23,5,1595.99,0,2,Обычные
15359.0,99,9,162.6,1,2,Обычные
15361.0,71,3,270.15000000000003,1,0,Новые
15362.0,283,1,310.75,0,3,Группа риска
15363.0,37,1,352.11,0,0,Новые
15365.0,29,4,980.76,0,2,Обычные
15366.0,95,3,1126.79,0,2,Обычные
15367.0,3,7,2547.64,0,1,Лояльные
15371.0,207,1,59.400000000000006,1,3,Группа риска
15373.0,45,4,518.48,0,0,Новые
15374.0,169,1,139.32,1,3,Группа риска
15375.0,235,1,60.959999999999994,1,3,Группа риска
15378.0,7,2,246.5,1,0,Новые
15380.0,94,5,1224.26,0,2,Обычные
15381.0,78,3,1096.91,0,2,Обычные
15382.0,126,7,3726.23,0,1,Лояльные
15384.0,137,1,276.5,0,0,Новые
15385.0,222,1,307.8,0,3,Группа риска
15387.0,37,1,468.65,1,0,Новые
15389.0,100,3,1733.8,0,2,Обычные
15391.0,115,2,282.92,1,0,Новые
15393.0,112,3,659.48,1,0,Новые
15394.0,19,6,1857.94,0,2,Обычные
15396.0,128,1,508.20000000000005,1,0,Новые
15400.0,36,2,481.1,0,0,Новые
15401.0,113,1,136.20000000000002,0,0,Новые
15402.0,24,3,1047.43,0,2,Обычные
15403.0,36,2,170.88,1,0,Новые
15405.0,121,1,310.74,1,0,Новые
15409.0,246,2,117.2,1,3,Группа риска
15410.0,113,2,1234.88,1,0,Новые
15416.0,23,4,580.28,1,0,Новые
15418.0,131,1,206.49,0,0,Новые
15420.0,103,5,636.0,0,2,Обычные
15421.0,23,5,2063.97,0,2,Обычные
15422.0,115,3,753.75,0,0,Новые
15423.0,126,3,175.64,1,0,Новые
15424.0,8,1,214.44,1,0,Новые
15425.0,73,3,1787.07,0,2,Обычные
15426.0,47,2,566.02,0,0,Новые
15428.0,182,2,381.72,0,3,Группа риска
15430.0,12,3,903.75,1,0,Новые
15431.0,47,1,153.24,1,0,Новые
15432.0,72,3,130.07,1,0,Новые
15434.0,229,1,285.35,0,3,Группа риска
15437.0,185,1,193.29000000000002,1,3,Группа риска
15439.0,198,2,748.85,0,3,Группа риска
15441.0,275,1,301.57,0,3,Группа риска
15443.0,19,8,1903.98,1,1,Лояльные
15445.0,135,1,171.0,1,0,Новые
15446.0,129,4,222.67000000000002,0,0,Новые
15447.0,72,5,329.76,1,0,Новые
15448.0,219,1,294.17,1,3,Группа риска
15451.0,144,1,110.26,0,0,Новые
15452.0,17,2,1079.6,0,0,Новые
15454.0,163,1,128.59,1,3,Группа риска
15455.0,142,1,38.25,1,0,Новые
15456.0,37,6,1418.56,0,2,Обычные
15459.0,42,1,97.83,0,0,Новые
15461.0,5,3,391.29999999999995,1,0,Новые
15465.0,12,11,2554.32,0,1,Лояльные
15466.0,151,2,910.26,0,0,Новые
15470.0,120,1,63.419999999999995,1,0,Новые
15471.0,95,1,269.25,0,0,Новые
15474.0,140,1,163.1,1,0,Новые
15477.0,194,1,368.4,1,3,Группа риска
15478.0,120,1,583.56,1,0,Новые
15479.0,278,1,147.4,1,3,Группа риска
15480.0,10,6,2686.75,1,1,Лояльные
15482.0,145,7,843.9399999999998,0,2,Обычные
15483.0,84,4,309.75,0,0,Новые
15484.0,85,2,1061.69,1,0,Новые
15485.0,119,4,1075.92,0,2,Обычные
15486.0,72,1,102.0,1,0,Новые
15487.0,224,1,231.32,1,3,Группа риска
15488.0,1,4,340.6,1,0,Новые
15489.0,4,6,848.6500000000001,0,2,Обычные
15493.0,46,3,1215.39,0,2,Обычные
15494.0,23,4,2471.72,1,2,Обычные
15496.0,176,1,146.14000000000001,1,3,Группа риска
15499.0,268,1,161.6,1,3,Группа риска
15502.0,99,1,1686.41,0,2,Обычные
15503.0,271,1,120.06,1,3,Группа риска
15504.0,65,4,361.07,1,0,Новые
15506.0,22,1,196.38,0,0,Новые
15512.0,221,1,39.0,0,3,Группа риска
15514.0,140,5,1770.95,0,2,Обычные
15518.0,64,9,1800.7,0,1,Лояльные
15521.0,29,7,2490.13,0,1,Лояльные
15524.0,151,1,151.4,1,3,Группа риска
15530.0,57,1,311.37,1,0,Новые
15532.0,45,3,1141.18,0,2,Обычные
15534.0,270,1,162.25,1,3,Группа риска
15538.0,82,11,3027.15,1,1,Лояльные
15542.0,57,4,895.9,1,2,Обычные
15543.0,4,1,114.98,1,0,Новые
15546.0,151,3,539.5500000000001,1,0,Новые
15547.0,19,11,3695.22,0,1,Лояльные
15548.0,140,1,158.09,1,0,Новые
15549.0,88,4,493.95,0,0,Новые
15550.0,46,6,853.26,0,2,Обычные
15551.0,95,1,287.12,0,0,Новые
15552.0,168,1,162.4,1,3,Группа риска
15558.0,184,2,143.32999999999998,1,3,Группа риска
15559.0,113,1,1109.4,1,0,Новые
15561.0,89,3,1033.6,0,2,Обычные
15562.0,271,1,360.51000000000005,0,3,Группа риска
15563.0,50,4,1461.52,1,2,Обычные
15564.0,8,2,70.74000000000001,1,0,Новые
15566.0,269,1,138.22,0,3,Группа риска
15569.0,75,3,1400.62,0,2,Обычные
15570.0,16,7,2801.37,0,1,Лояльные
15571.0,103,4,766.39,0,2,Обычные
15572.0,149,1,359.11,0,0,Новые
15573.0,163,3,599.73,1,3,Группа риска
15574.0,9,1,152.97,0,0,Новые
15575.0,164,1,30.1,1,3,Группа риска
15577.0,268,2,139.1,1,3,Группа риска
15580.0,0,10,705.38,0,2,Обычные
15584.0,215,1,357.04,0,3,Группа риска
15586.0,136,4,1128.66,1,2,Обычные
15587.0,36,1,182.16000000000003,0,0,Новые
15588.0,222,1,579.6,1,3,Группа риска
15590.0,128,3,694.76,0,0,Новые
15591.0,127,3,217.9,1,0,Новые
15595.0,32,1,357.6,1,0,Новые
15596.0,28,2,570.85,0,0,Новые
15597.0,120,1,238.8,1,0,Новые
15600.0,44,3,682.94,0,0,Новые
15602.0,56,5,608.11,0,2,Обычные
15603.0,178,2,26.25,1,3,Группа риска
15605.0,133,5,540.32,0,2,Обычные
15606.0,1,5,1491.0,0,2,Обычные
15607.0,88,12,1473.81,1,1,Лояльные
15611.0,9,12,1103.03,0,1,Лояльные
15613.0,155,1,433.71999999999997,1,3,Группа риска
15614.0,45,4,1918.3600000000001,0,2,Обычные
15617.0,52,1,205.15,0,0,Новые
15623.0,14,6,1844.72,0,2,Обычные
15625.0,16,5,1155.36,0,2,Обычные
15627.0,2,2,566.9,1,0,Новые
15628.0,17,7,1827.74,0,1,Лояльные
15629.0,42,2,1646.98,0,2,Обычные
15630.0,189,1,295.05,1,3,Группа риска
15631.0,187,1,596.67,1,3,Группа риска
15636.0,114,1,388.94,0,0,Новые
15637.0,43,3,463.78,0,0,Новые
15638.0,138,4,541.4,0,0,Новые
15639.0,72,2,374.89,0,0,Новые
15641.0,26,6,2501.51,0,1,Лояльные
15642.0,274,1,105.78000000000002,1,3,Группа риска
15650.0,60,3,539.03,1,0,Новые
15651.0,141,1,291.26,0,0,Новые
15652.0,30,1,114.44,0,0,Новые
15658.0,38,3,625.14,0,0,Новые
15659.0,198,1,108.44,0,3,Группа риска
15660.0,77,4,567.5,0,0,Новые
15661.0,19,3,551.95,0,0,Новые
15662.0,206,2,283.73,1,3,Группа риска
15664.0,120,3,523.58,0,0,Новые
15665.0,19,2,1263.06,0,0,Новые
15666.0,17,2,632.9399999999999,1,0,Новые
15670.0,92,2,142.15,1,0,Новые
15672.0,270,1,45.300000000000004,1,3,Группа риска
15673.0,60,5,2967.42,0,1,Лояльные
15677.0,8,1,340.65,0,0,Новые
15678.0,67,1,731.48,0,0,Новые
15680.0,17,8,1968.75,0,1,Лояльные
15681.0,64,3,702.1,0,0,Новые
15682.0,144,3,316.99,1,0,Новые
15683.0,18,1,330.79,1,0,Новые
15684.0,92,6,147.8,1,2,Обычные
15689.0,162,1,266.93,1,3,Группа риска
15691.0,134,3,300.0,0,0,Новые
15693.0,204,1,37.5,1,3,Группа риска
15694.0,42,6,1769.22,0,2,Обычные
15695.0,142,2,721.06,1,0,Новые
15696.0,92,7,787.87,0,2,Обычные
15697.0,234,1,246.75,1,3,Группа риска
15698.0,169,1,46.2,1,3,Группа риска
15702.0,21,2,140.39000000000001,1,0,Новые
15704.0,38,4,1450.56,1,2,Обычные
15709.0,134,1,194.6,1,0,Новые
15711.0,101,2,420.25,1,0,Новые
15712.0,4,5,1838.8,0,2,Обычные
15713.0,151,3,468.09000000000003,0,0,Новые
15714.0,94,2,300.0,0,0,Новые
15715.0,100,5,658.02,1,2,Обычные
15716.0,40,6,1176.51,0,2,Обычные
15717.0,37,3,304.90000000000003,0,0,Новые
15718.0,85,1,293.79,1,0,Новые
15720.0,95,1,143.19,1,0,Новые
15722.0,12,7,2195.21,0,1,Лояльные
15723.0,119,1,240.91,0,0,Новые
15727.0,38,6,3672.87,0,1,Лояльные
15731.0,98,1,125.3,1,0,Новые
15732.0,51,10,1205.3,0,1,Лояльные
15734.0,92,1,310.65000000000003,0,0,Новые
15741.0,3,2,208.62,1,0,Новые
15742.0,164,1,156.87,1,3,Группа риска
15747.0,40,4,847.22,0,2,Обычные
15750.0,37,7,1717.51,0,2,Обычные
15752.0,2,1,616.73,0,0,Новые
15754.0,38,8,2546.19,1,1,Лояльные
15755.0,1,10,3002.25,0,1,Лояльные
15757.0,37,2,1266.47,0,0,Новые
15759.0,7,6,561.69,0,2,Обычные
15764.0,17,2,857.26,0,0,Новые
15765.0,211,1,370.63,1,3,Группа риска
15766.0,1,2,516.0,0,0,Новые
15770.0,157,1,321.45,1,3,Группа риска
15771.0,149,3,1006.54,1,0,Новые
15774.0,33,4,696.74,0,2,Обычные
15775.0,176,1,45.6,1,3,Группа риска
15777.0,113,1,9.3,0,0,Новые
15779.0,8,2,124.08000000000001,1,0,Новые
15784.0,12,2,848.3299999999999,1,0,Новые
15785.0,25,12,2196.86,0,1,Лояльные
15786.0,29,2,1765.29,0,2,Обычные
15788.0,45,2,215.53,1,0,Новые
15789.0,26,5,1276.44,0,2,Обычные
15791.0,51,6,1937.35,1,2,Обычные
15792.0,163,1,476.84000000000003,0,3,Группа риска
15793.0,2,4,1118.3,0,2,Обычные
15794.0,281,2,777.0,1,3,Группа риска
15795.0,131,6,986.38,0,2,Обычные
15796.0,61,5,1321.08,0,2,Обычные
15797.0,126,2,613.6800000000001,1,0,Новые
15798.0,37,3,1535.37,1,2,Обычные
15800.0,163,4,367.58,0,3,Группа риска
15803.0,8,2,1004.9200000000001,0,0,Новые
15807.0,99,2,391.99,0,0,Новые
15809.0,0,3,463.67,1,0,Новые
15810.0,9,5,1131.33,0,2,Обычные
15812.0,16,7,3026.6800000000003,0,1,Лояльные
15814.0,148,1,294.08,0,0,Новые
15816.0,87,3,93.3,1,0,Новые
15817.0,37,2,2165.11,0,2,Обычные
15818.0,133,1,340.5,1,0,Новые
15819.0,81,6,1434.7,0,2,Обычные
15822.0,38,6,892.4399999999999,1,2,Обычные
15824.0,77,1,394.8,0,0,Новые
15826.0,108,2,933.77,1,0,Новые
15833.0,282,1,80.4,1,3,Группа риска
15837.0,30,1,385.03000000000003,1,0,Новые
15841.0,56,4,908.61,0,2,Обычные
15842.0,72,1,172.55,0,0,Новые
15845.0,81,4,622.78,1,0,Новые
15847.0,186,1,80.62,0,3,Группа риска
15848.0,166,1,139.94,1,3,Группа риска
15850.0,81,2,236.39,0,0,Новые
15851.0,71,1,109.73,1,0,Новые
15852.0,71,1,96.55,1,0,Новые
15854.0,24,6,1816.8700000000001,0,2,Обычные
15855.0,21,1,340.48,1,0,Новые
15858.0,37,9,1669.45,0,1,Лояльные
15860.0,103,5,636.97,0,2,Обычные
15861.0,1,6,1217.63,1,2,Обычные
15862.0,49,8,1602.09,0,1,Лояльные
15863.0,162,3,289.86,1,3,Группа риска
15865.0,248,1,714.05,0,3,Группа риска
15868.0,128,1,94.53,1,0,Новые
15869.0,171,1,174.02,1,3,Группа риска
15872.0,95,1,121.54,0,0,Новые
15873.0,37,5,138.23999999999998,1,0,Новые
15875.0,191,1,111.72,1,3,Группа риска
15878.0,106,2,330.77,1,0,Новые
15879.0,66,3,733.02,0,0,Новые
15882.0,74,4,462.57,0,0,Новые
15884.0,281,2,235.85000000000002,0,3,Группа риска
15885.0,3,12,1010.88,0,1,Лояльные
15886.0,143,1,294.37,0,0,Новые
15887.0,5,2,637.15,0,0,Новые
15888.0,71,1,81.75,0,0,Новые
15889.0,129,6,779.49,0,2,Обычные
15890.0,142,2,286.95,0,0,Новые
15892.0,214,1,128.2,1,3,Группа риска
15893.0,26,1,305.28000000000003,1,0,Новые
15900.0,107,1,136.22,0,0,Новые
15901.0,8,2,238.54,0,0,Новые
15903.0,22,4,274.59999999999997,0,0,Новые
15905.0,88,1,114.69,1,0,Новые
15908.0,35,2,764.57,1,0,Новые
15910.0,10,6,1027.14,0,2,Обычные
15911.0,168,9,1682.46,0,1,Лояльные
15912.0,114,6,654.99,0,2,Обычные
15913.0,79,1,6.300000000000001,1,0,Новые
15916.0,103,6,1011.35,0,2,Обычные
15917.0,151,4,437.53000000000003,1,0,Новые
15918.0,176,1,248.65,1,3,Группа риска
15920.0,79,4,267.04,0,0,Новые
15921.0,185,1,100.18,0,3,Группа риска
15924.0,276,1,102.82,1,3,Группа риска
15926.0,87,1,134.44,1,0,Новые
15927.0,192,1,123.39,1,3,Группа риска
15928.0,201,1,293.53,1,3,Группа риска
15929.0,189,1,594.0,1,3,Группа риска
15936.0,12,1,171.62,0,0,Новые
15938.0,1,4,330.23,1,0,Новые
15941.0,58,2,230.6,1,0,Новые
15943.0,194,2,271.28999999999996,1,3,Группа риска
15944.0,30,2,1204.4,0,0,Новые
15945.0,238,2,351.32,0,3,Группа риска
15946.0,47,3,2304.18,1,2,Обычные
15950.0,16,6,2925.7,0,1,Лояльные
15953.0,16,5,888.04,0,2,Обычные
15954.0,134,1,190.75,1,0,Новые
15955.0,10,4,2204.64,0,2,Обычные
15956.0,96,2,617.6,1,0,Новые
15958.0,95,1,81.44999999999999,0,0,Новые
15959.0,227,3,579.49,1,3,Группа риска
15964.0,208,1,272.96000000000004,1,3,Группа риска
15965.0,61,7,1094.77,0,2,Обычные
15967.0,53,7,1306.32,0,2,Обычные
15969.0,67,1,103.75999999999999,0,0,Новые
15970.0,143,1,703.22,1,0,Новые
15972.0,1,5,1810.27,1,2,Обычные
15976.0,12,3,922.01,0,0,Новые
15978.0,189,1,599.12,0,3,Группа риска
15979.0,147,1,329.22,1,0,Новые
15982.0,150,1,324.51,1,0,Новые
15983.0,271,3,1199.59,0,3,Группа риска
15985.0,30,3,1156.56,0,2,Обычные
15988.0,96,2,612.0600000000001,1,0,Новые
15989.0,282,1,143.11,0,3,Группа риска
15990.0,39,5,1217.94,1,2,Обычные
15991.0,79,1,150.55,1,0,Новые
15994.0,172,3,400.82,0,3,Группа риска
15998.0,38,12,3692.0299999999997,0,1,Лояльные
15999.0,280,1,20.4,1,3,Группа риска
16002.0,170,1,169.21,1,3,Группа риска
16003.0,170,3,997.27,0,3,Группа риска
16004.0,19,5,2146.39,1,2,Обычные
16007.0,88,1,360.58,0,0,Новые
16008.0,64,5,996.57,0,2,Обычные
16011.0,15,10,1444.97,0,1,Лояльные
16012.0,74,1,975.33,0,0,Новые
16014.0,222,1,257.71,0,3,Группа риска
16017.0,176,3,927.35,0,3,Группа риска
16018.0,277,1,195.78,0,3,Группа риска
16021.0,89,1,151.39,0,0,Новые
16027.0,2,11,947.72,1,1,Лояльные
16028.0,140,1,82.2,1,0,Новые
16032.0,1,6,1970.45,1,2,Обычные
16033.0,17,2,598.98,0,0,Новые
16035.0,105,1,217.73,1,0,Новые
16036.0,165,1,848.6800000000001,0,3,Группа риска
16037.0,85,4,634.42,1,0,Новые
16039.0,127,2,136.73000000000002,0,0,Новые
16040.0,0,4,802.05,0,2,Обычные
16043.0,26,1,524.45,0,0,Новые
16045.0,36,3,720.9200000000001,0,0,Новые
16046.0,107,1,235.78,1,0,Новые
16047.0,227,1,107.14,1,3,Группа риска
16048.0,94,1,201.0,0,0,Новые
16049.0,61,1,229.64000000000001,0,0,Новые
16051.0,226,1,188.44,1,3,Группа риска
16053.0,141,2,619.91,0,0,Новые
16054.0,38,5,988.9300000000001,0,2,Обычные
16057.0,64,6,1079.7,0,2,Обычные
16059.0,45,4,920.0600000000001,0,2,Обычные
16060.0,39,1,345.6,0,0,Новые
16062.0,81,1,543.32,0,0,Новые
16064.0,270,1,111.0,1,3,Группа риска
16065.0,8,1,434.98,0,0,Новые
16067.0,107,6,3026.19,1,1,Лояльные
16068.0,138,1,122.93,1,0,Новые
16071.0,72,3,750.5600000000001,1,0,Новые
16072.0,94,1,1859.64,0,2,Обычные
16075.0,47,3,726.98,1,0,Новые
16077.0,119,2,600.0,1,0,Новые
16078.0,214,1,283.79,1,3,Группа риска
16081.0,119,2,273.03,0,0,Новые
16082.0,215,1,106.75,1,3,Группа риска
16085.0,5,7,1242.07,0,2,Обычные
16086.0,94,3,950.86,0,0,Новые
16087.0,154,3,997.24,0,0,Новые
16088.0,120,2,1437.43,1,2,Обычные
16089.0,54,1,154.65,0,0,Новые
16090.0,169,1,205.91,1,3,Группа риска
16092.0,49,5,736.13,1,2,Обычные
16094.0,7,10,1630.08,0,1,Лояльные
16095.0,1,1,447.05,1,0,Новые
16096.0,133,2,883.47,0,0,Новые
16098.0,10,6,1858.02,0,2,Обычные
16099.0,44,4,677.95,0,0,Новые
16100.0,7,1,582.64,1,0,Новые
16101.0,26,3,1194.1100000000001,0,2,Обычные
16104.0,26,9,1956.0,0,1,Лояльные
16105.0,36,3,1442.04,0,2,Обычные
16108.0,121,4,848.2,0,2,Обычные
16109.0,192,2,311.7,1,3,Группа риска
16110.0,67,1,481.79,1,0,Новые
16115.0,33,3,688.28,0,0,Новые
16117.0,136,2,129.15,0,0,Новые
16119.0,64,4,879.1400000000001,0,2,Обычные
16121.0,110,1,155.67,0,0,Новые
16124.0,119,3,930.39,0,0,Новые
16125.0,25,11,3335.15,0,1,Лояльные
16127.0,271,1,145.06,1,3,Группа риска
16128.0,44,4,707.3,0,2,Обычные
16129.0,52,1,446.94,0,0,Новые
16130.0,98,3,713.25,0,0,Новые
16132.0,89,2,664.1999999999999,1,0,Новые
16134.0,1,3,1248.25,0,2,Обычные
16135.0,128,1,301.9,1,0,Новые
16136.0,187,2,211.7,1,3,Группа риска
16137.0,225,1,422.7,1,3,Группа риска
16138.0,74,2,588.51,0,0,Новые
16139.0,267,2,475.74,1,3,Группа риска
16143.0,56,5,1408.14,0,2,Обычные
16145.0,8,5,1746.02,0,2,Обычные
16147.0,115,2,1186.3700000000001,0,0,Новые
16150.0,2,9,1899.15,0,1,Лояльные
16153.0,17,6,2520.23,0,1,Лояльные
16155.0,47,3,382.15,0,0,Новые
16156.0,28,8,1793.93,0,1,Лояльные
16158.0,67,10,611.32,1,2,Обычные
16159.0,15,3,884.59,0,0,Новые
16163.0,91,9,1023.58,0,2,Обычные
16165.0,50,1,79.9,1,0,Новые
16166.0,119,3,131.48999999999998,0,0,Новые
16167.0,114,3,636.99,0,0,Новые
16172.0,18,3,744.34,1,0,Новые
16174.0,36,4,1237.2,1,2,Обычные
16175.0,16,3,798.85,1,0,Новые
16176.0,43,6,1051.94,0,2,Обычные
16177.0,1,8,1561.71,0,1,Лояльные
16182.0,19,4,2694.0,0,1,Лояльные
16185.0,109,1,115.31,1,0,Новые
16186.0,16,12,3450.67,0,1,Лояльные
16190.0,28,5,1591.84,0,2,Обычные
16191.0,78,5,2317.98,0,2,Обычные
16192.0,280,1,351.3,1,3,Группа риска
16195.0,268,1,323.25,1,3,Группа риска
16196.0,33,1,93.3,1,0,Новые
16197.0,14,9,2016.71,1,1,Лояльные
16199.0,16,5,359.7,0,0,Новые
16202.0,99,8,1392.4,0,2,Обычные
16203.0,49,1,282.13,0,0,Новые
16204.0,233,2,208.27,0,3,Группа риска
16205.0,87,1,220.11,0,0,Новые
16206.0,44,5,1070.09,0,2,Обычные
16208.0,18,5,1996.49,0,2,Обычные
16209.0,65,3,1678.8600000000001,0,2,Обычные
16212.0,163,2,603.37,1,3,Группа риска
16218.0,99,2,95.1,0,0,Новые
16219.0,45,1,40.8,1,0,Новые
16221.0,3,4,716.03,0,2,Обычные
16222.0,266,1,498.5,1,3,Группа риска
16225.0,8,12,1557.14,0,1,Лояльные
16227.0,24,4,640.5,1,0,Новые
16229.0,66,4,1055.86,0,2,Обычные
16231.0,142,1,291.55,0,0,Новые
16232.0,29,3,977.27,0,0,Новые
16233.0,37,5,913.48,0,2,Обычные
16234.0,18,4,312.78,1,0,Новые
16235.0,7,3,675.46,0,0,Новые
16239.0,8,1,262.6,0,0,Новые
16242.0,15,5,2071.2,0,2,Обычные
16246.0,4,2,827.25,1,0,Новые
16251.0,57,1,128.31,1,0,Новые
16253.0,86,4,2294.39,0,2,Обычные
16254.0,46,2,378.89,0,0,Новые
16255.0,4,7,1637.86,0,2,Обычные
16256.0,38,2,876.9399999999999,1,0,Новые
16259.0,150,2,159.82,0,0,Новые
16266.0,45,6,736.66,0,2,Обычные
16267.0,136,1,186.66,1,0,Новые
16271.0,2,5,2033.78,1,2,Обычные
16273.0,193,2,336.03999999999996,1,3,Группа риска
16275.0,19,2,1591.24,1,2,Обычные
16276.0,24,2,1818.79,1,2,Обычные
16277.0,278,1,188.69,1,3,Группа риска
16278.0,22,4,518.76,1,0,Новые
16279.0,31,4,2749.94,0,1,Лояльные
16280.0,270,1,238.05,1,3,Группа риска
16281.0,227,1,781.52,0,3,Группа риска
16282.0,32,2,1139.28,1,0,Новые
16283.0,72,4,1442.23,0,2,Обычные
16285.0,191,1,176.9,1,3,Группа риска
16286.0,22,4,263.65,1,0,Новые
16287.0,186,2,364.32,0,3,Группа риска
16288.0,15,1,129.85,1,0,Новые
16289.0,7,2,98.81,1,0,Новые
16290.0,9,4,2069.3,1,2,Обычные
16291.0,227,1,117.72,1,3,Группа риска
16292.0,7,4,780.76,0,2,Обычные
16293.0,114,2,610.31,0,0,Новые
16294.0,21,1,126.05000000000001,1,0,Новые
16296.0,171,6,1245.97,1,2,Обычные
16299.0,17,2,178.65,1,0,Новые
16300.0,170,2,863.47,0,3,Группа риска
16301.0,281,1,107.33,1,3,Группа риска
16303.0,108,3,1178.5900000000001,0,2,Обычные
16304.0,239,1,381.66,1,3,Группа риска
16307.0,87,2,794.92,0,0,Новые
16308.0,88,2,1600.0,0,2,Обычные
16310.0,187,1,190.38,0,3,Группа риска
16314.0,3,2,822.15,0,0,Новые
16315.0,81,1,176.34,1,0,Новые
16316.0,1,3,965.5,0,0,Новые
16317.0,95,3,838.11,1,0,Новые
16320.0,9,5,2002.8899999999999,0,2,Обычные
16321.0,171,3,34.8,1,3,Группа риска
16323.0,122,1,146.16,1,0,Новые
16325.0,4,8,1550.38,0,1,Лояльные
16326.0,26,10,1379.93,0,1,Лояльные
16328.0,108,1,310.83,1,0,Новые
16329.0,190,2,685.25,0,3,Группа риска
16330.0,207,1,51.43,0,3,Группа риска
16331.0,7,3,1636.9,0,2,Обычные
16332.0,18,4,248.35,0,0,Новые
16334.0,37,1,277.48,1,0,Новые
16335.0,96,8,2747.0,1,1,Лояльные
16336.0,3,3,2954.89,0,1,Лояльные
16340.0,96,1,373.53,0,0,Новые
16341.0,154,1,762.28,0,3,Группа риска
16344.0,54,3,741.3199999999999,1,0,Новые
16345.0,28,1,623.33,1,0,Новые
16347.0,86,8,1206.6,0,2,Обычные
16354.0,136,1,210.83,0,0,Новые
16356.0,96,2,98.3,0,0,Новые
16359.0,37,7,703.63,0,2,Обычные
16365.0,21,6,1275.52,0,2,Обычные
16366.0,127,3,1220.83,1,2,Обычные
16369.0,15,3,784.8000000000001,0,0,Новые
16372.0,152,1,113.45,0,3,Группа риска
16374.0,133,1,479.79,0,0,Новые
16375.0,15,2,104.0,1,0,Новые
16377.0,162,1,632.28,1,3,Группа риска
16382.0,95,1,195.77,0,0,Новые
16383.0,64,4,1716.19,0,2,Обычные
16384.0,135,1,319.75,0,0,Новые
16385.0,176,1,110.26,0,3,Группа риска
16387.0,183,1,140.19,0,3,Группа риска
16388.0,198,1,186.05,1,3,Группа риска
16390.0,81,3,467.5,1,0,Новые
16391.0,42,3,594.66,0,0,Новые
16392.0,106,1,192.29,0,0,Новые
16393.0,45,6,1376.95,0,2,Обычные
16395.0,36,6,471.67,0,2,Обычные
16396.0,18,3,102.69999999999999,1,0,Новые
16397.0,173,1,127.88,1,3,Группа риска
16400.0,47,6,2184.38,0,1,Лояльные
16401.0,18,10,756.77,0,2,Обычные
16406.0,198,2,194.15,0,3,Группа риска
16408.0,136,1,231.93,1,0,Новые
16409.0,19,5,2417.75,0,1,Лояльные
16410.0,279,1,130.32,1,3,Группа риска
16412.0,154,2,194.04,0,3,Группа риска
16414.0,138,2,232.57,0,0,Новые
16415.0,128,2,509.09000000000003,1,0,Новые
16416.0,51,3,966.21,0,0,Новые
16417.0,37,1,35.7,1,0,Новые
16419.0,122,2,515.1899999999999,1,0,Новые
16421.0,14,1,310.6,0,0,Новые
16428.0,42,2,421.31,0,0,Новые
16430.0,99,2,222.39,0,0,Новые
16434.0,5,5,893.54,0,2,Обычные
16435.0,57,3,1011.5699999999999,1,2,Обычные
16436.0,213,4,242.04,1,3,Группа риска
16439.0,267,1,310.70000000000005,1,3,Группа риска
16440.0,38,1,216.3,1,0,Новые
16441.0,172,1,225.74,0,3,Группа риска
16442.0,149,2,282.68,1,0,Новые
16443.0,65,1,162.24,1,0,Новые
16444.0,33,6,1062.77,0,2,Обычные
16447.0,135,2,516.13,1,0,Новые
16448.0,16,1,178.98000000000002,1,0,Новые
16450.0,129,3,1163.81,1,2,Обычные
16451.0,106,3,742.4300000000001,1,0,Новые
16452.0,175,2,332.17,1,3,Группа риска
16453.0,75,2,251.71,1,0,Новые
16454.0,151,3,19.05,0,0,Новые
16455.0,150,2,890.21,0,0,Новые
16456.0,16,8,2918.8199999999997,0,1,Лояльные
16458.0,10,7,1181.16,0,2,Обычные
16459.0,274,1,71.78999999999999,1,3,Группа риска
16461.0,135,2,1463.8,1,2,Обычные
16466.0,21,7,1829.3,0,1,Лояльные
16467.0,53,8,2862.4,1,1,Лояльные
16468.0,15,2,712.62,1,0,Новые
16469.0,59,1,178.48000000000002,1,0,Новые
16470.0,32,5,878.0,0,2,Обычные
16471.0,113,3,661.98,0,0,Новые
16472.0,142,1,557.04,0,0,Новые
16477.0,29,1,515.03,0,0,Новые
16481.0,204,3,428.23,1,3,Группа риска
16485.0,105,4,1210.75,0,2,Обычные
16486.0,82,1,134.36,1,0,Новые
16487.0,122,2,209.4,1,0,Новые
16492.0,85,1,385.56,1,0,Новые
16493.0,67,2,606.21,0,0,Новые
16496.0,54,2,453.0,0,0,Новые
16497.0,56,13,2696.86,0,1,Лояльные
16499.0,58,4,690.62,0,0,Новые
16500.0,78,2,139.6,0,0,Новые
16502.0,165,2,266.5,1,3,Группа риска
16503.0,21,4,1199.86,0,2,Обычные
16507.0,117,1,152.76,1,0,Новые
16508.0,175,1,248.8,1,3,Группа риска
16510.0,12,5,1603.8,0,2,Обычные
16511.0,193,1,300.15,0,3,Группа риска
16515.0,85,1,704.59,0,0,Новые
16518.0,78,2,137.3,0,0,Новые
16519.0,30,2,237.48,0,0,Новые
16520.0,134,3,641.63,0,0,Новые
16521.0,193,1,95.12,0,3,Группа риска
16523.0,15,7,1536.1299999999999,0,2,Обычные
16524.0,236,1,101.3,0,3,Группа риска
16526.0,129,1,426.85,1,0,Новые
16529.0,22,3,1556.75,1,2,Обычные
16530.0,213,1,48.349999999999994,1,3,Группа риска
16532.0,165,1,861.5999999999999,0,3,Группа риска
16534.0,187,1,635.9,1,3,Группа риска
16535.0,225,1,20.0,0,3,Группа риска
16537.0,186,1,23.35,1,3,Группа риска
16538.0,86,3,399.62,1,0,Новые
16539.0,14,4,1117.45,0,2,Обычные
16541.0,280,2,419.78,1,3,Группа риска
16543.0,128,2,277.80999999999995,1,0,Новые
16544.0,64,6,110.3,1,0,Новые
16547.0,91,1,111.71,1,0,Новые
16548.0,144,1,30.15,1,0,Новые
16551.0,162,3,961.44,0,3,Группа риска
16554.0,56,7,941.69,0,2,Обычные
16555.0,46,8,5.329070518200751e-15,1,2,Обычные
16558.0,28,11,2546.84,0,1,Лояльные
16560.0,127,6,1862.0900000000001,0,2,Обычные
16562.0,21,1,223.85999999999999,1,0,Новые
16563.0,1,4,2023.6,0,2,Обычные
16564.0,114,1,87.8,1,0,Новые
16565.0,31,3,319.75,0,0,Новые
16568.0,186,1,477.30000000000007,0,3,Группа риска
16569.0,176,4,1331.03,1,2,Обычные
16570.0,1,9,1805.3400000000001,0,1,Лояльные
16571.0,30,9,1374.41,0,1,Лояльные
16574.0,203,1,590.91,0,3,Группа риска
16576.0,56,3,202.20000000000002,0,0,Новые
16577.0,211,1,380.0,1,3,Группа риска
16578.0,171,1,156.6,1,3,Группа риска
16583.0,218,1,64.5,0,3,Группа риска
16584.0,44,2,1438.3600000000001,0,2,Обычные
16585.0,138,2,341.59,1,0,Новые
16586.0,180,1,328.05,0,3,Группа риска
16588.0,50,2,823.05,0,0,Новые
16592.0,9,12,2391.81,0,1,Лояльные
16593.0,264,3,258.83,0,3,Группа риска
16595.0,151,2,741.35,0,0,Новые
16596.0,234,2,208.83,0,3,Группа риска
16600.0,3,4,576.25,0,0,Новые
16601.0,168,1,67.25,0,3,Группа риска
16604.0,93,3,326.25,1,0,Новые
16605.0,269,1,60.48,1,3,Группа риска
16607.0,8,8,1586.61,0,1,Лояльные
16608.0,208,1,687.4,0,3,Группа риска
16611.0,40,4,1326.74,0,2,Обычные
16612.0,44,3,1161.62,0,2,Обычные
16614.0,123,1,293.15,0,0,Новые
16615.0,113,2,264.5,1,0,Новые
16619.0,143,2,1364.92,0,2,Обычные
16620.0,107,3,1311.47,0,2,Обычные
16622.0,87,2,205.6,1,0,Новые
16623.0,78,3,562.79,0,0,Новые
16625.0,25,3,577.55,0,0,Новые
16628.0,186,1,78.0,0,3,Группа риска
16631.0,26,8,1867.02,1,1,Лояльные
16632.0,30,2,406.4,1,0,Новые
16634.0,150,4,305.65,0,0,Новые
16636.0,127,3,2506.79,0,2,Обычные
16638.0,1,3,314.27,0,0,Новые
16641.0,246,1,323.40000000000003,1,3,Группа риска
16645.0,280,1,160.39,1,3,Группа риска
16647.0,89,1,144.13,0,0,Новые
16648.0,0,2,382.14,1,0,Новые
16649.0,65,1,306.58000000000004,1,0,Новые
16650.0,29,4,1032.18,0,2,Обычные
16651.0,131,1,136.2,1,0,Новые
16654.0,16,3,727.8,0,0,Новые
16655.0,39,6,1623.4,0,2,Обычные
16658.0,10,6,350.19,0,2,Обычные
16660.0,3,2,344.94,0,0,Новые
16661.0,85,5,842.1800000000001,1,2,Обычные
16663.0,274,1,165.0,1,3,Группа риска
16664.0,114,1,109.2,1,0,Новые
16666.0,166,1,106.96000000000001,1,3,Группа риска
16668.0,37,4,409.0,0,0,Новые
16670.0,9,10,2743.82,0,1,Лояльные
16673.0,224,1,188.83,1,3,Группа риска
16675.0,23,1,307.06,0,0,Новые
16677.0,197,1,263.23,0,3,Группа риска
16679.0,92,1,187.15,0,0,Новые
16680.0,73,2,637.75,1,0,Новые
16681.0,186,1,151.5,1,3,Группа риска
16683.0,74,2,309.35,1,0,Новые
16686.0,72,5,1206.55,0,2,Обычные
16691.0,106,1,35.879999999999995,0,0,Новые
16693.0,61,2,453.35,0,0,Новые
16694.0,268,1,98.30000000000001,1,3,Группа риска
16695.0,106,2,193.15,1,0,Новые
16699.0,49,6,538.26,0,2,Обычные
16700.0,9,9,2862.58,0,1,Лояльные
16702.0,99,4,784.97,0,2,Обычные
16704.0,163,2,695.66,1,3,Группа риска
16707.0,93,3,355.58,0,0,Новые
16709.0,89,5,3544.19,0,1,Лояльные
16710.0,82,9,2309.07,0,1,Лояльные
16711.0,170,4,778.65,0,3,Группа риска
16714.0,204,3,343.18,1,3,Группа риска
16715.0,107,1,323.8,1,0,Новые
16716.0,175,1,1248.48,1,3,Группа риска
16717.0,105,6,1031.13,0,2,Обычные
16718.0,134,4,2400.03,0,2,Обычные
16719.0,7,7,1174.91,0,2,Обычные
16720.0,267,1,173.22,0,3,Группа риска
16722.0,37,8,2276.7,0,1,Лояльные
16723.0,280,1,460.55,0,3,Группа риска
16725.0,19,2,494.04,0,0,Новые
16727.0,166,2,848.44,0,3,Группа риска
16731.0,193,1,174.05,1,3,Группа риска
16732.0,150,4,1421.58,0,2,Обычные
16733.0,74,1,259.68,1,0,Новые
16735.0,7,12,2182.62,0,1,Лояльные
16736.0,50,8,2904.51,1,1,Лояльные
16737.0,122,1,417.59999999999997,1,0,Новые
16739.0,58,2,459.68,1,0,Новые
16741.0,170,1,173.06,1,3,Группа риска
16742.0,37,13,2387.71,1,1,Лояльные
16743.0,1,7,2015.17,1,1,Лояльные
16748.0,80,5,885.85,0,2,Обычные
16755.0,12,5,1397.4,1,2,Обычные
16756.0,22,5,742.97,0,2,Обычные
16763.0,283,1,352.85,1,3,Группа риска
16767.0,35,4,1641.54,0,2,Обычные
16768.0,2,7,983.23,0,2,Обычные
16769.0,23,3,761.36,1,0,Новые
16770.0,19,1,174.46,0,0,Новые
16771.0,2,5,1720.79,1,2,Обычные
16772.0,245,3,1104.25,0,3,Группа риска
16773.0,278,1,137.75,0,3,Группа риска
16774.0,56,3,797.23,0,0,Новые
16777.0,75,2,271.62,0,0,Новые
16781.0,214,1,311.75,0,3,Группа риска
16784.0,38,2,315.52,0,0,Новые
16787.0,166,2,705.16,0,3,Группа риска
16788.0,95,2,810.92,0,0,Новые
16791.0,10,6,1389.1200000000001,0,2,Обычные
16792.0,133,2,367.19,0,0,Новые
16794.0,110,3,529.85,0,0,Новые
16795.0,228,2,609.57,0,3,Группа риска
16797.0,84,6,986.98,0,2,Обычные
16798.0,99,4,837.56,1,2,Обычные
16802.0,224,2,582.61,1,3,Группа риска
16805.0,122,3,636.65,1,0,Новые
16807.0,15,5,943.29,1,2,Обычные
16809.0,1,3,636.64,0,0,Новые
16815.0,81,1,233.12,0,0,Новые
16819.0,10,2,182.59,1,0,Новые
16822.0,208,3,144.84,1,3,Группа риска
16823.0,7,3,936.08,0,0,Новые
16825.0,79,1,363.3,0,0,Новые
16827.0,114,2,109.0,0,0,Новые
16830.0,220,3,456.59000000000003,0,3,Группа риска
16831.0,109,1,91.8,1,0,Новые
16832.0,3,1,111.0,0,0,Новые
16833.0,168,1,312.88,0,3,Группа риска
16834.0,219,1,485.5,1,3,Группа риска
16835.0,32,7,1031.41,0,2,Обычные
16836.0,119,1,220.75,0,0,Новые
16838.0,75,3,543.76,1,0,Новые
16839.0,2,7,2500.21,0,1,Лояльные
16840.0,148,3,126.71000000000001,1,0,Новые
16841.0,24,6,1722.44,0,2,Обычные
16844.0,107,2,614.34,1,0,Новые
16845.0,163,1,253.88,1,3,Группа риска
16846.0,122,2,628.09,1,0,Новые
16847.0,163,1,421.45000000000005,1,3,Группа риска
16854.0,185,1,1290.81,0,3,Группа риска
16858.0,0,13,3317.75,0,1,Лояльные
16859.0,65,3,486.67,0,0,Новые
16860.0,72,3,1162.37,0,2,Обычные
16861.0,53,1,137.4,0,0,Новые
16862.0,92,4,662.33,1,0,Новые
16864.0,143,1,111.72000000000001,0,0,Новые
16867.0,234,1,76.74000000000001,1,3,Группа риска
16868.0,138,1,183.9,0,0,Новые
16870.0,14,1,450.15999999999997,1,0,Новые
16872.0,8,1,115.45,0,0,Новые
16875.0,43,8,1718.92,0,1,Лояльные
16880.0,38,1,321.78,1,0,Новые
16884.0,101,2,644.08,1,0,Новые
16886.0,1,1,134.0,0,0,Новые
16887.0,283,1,219.82,0,3,Группа риска
16888.0,221,2,317.31,0,3,Группа риска
16889.0,61,2,653.79,0,0,Новые
16890.0,21,3,285.41,1,0,Новые
16891.0,23,6,1014.86,0,2,Обычные
16892.0,99,2,236.56,1,0,Новые
16894.0,47,5,1282.36,1,2,Обычные
16895.0,91,3,562.13,0,0,Новые
16896.0,100,1,103.95,1,0,Новые
16898.0,121,1,192.64,0,0,Новые
16901.0,274,1,204.26,1,3,Группа риска
16905.0,42,7,989.4,0,2,Обычные
16906.0,120,2,347.56,0,0,Новые
16907.0,71,1,104.65,0,0,Новые
16908.0,267,2,153.59,1,3,Группа риска
16911.0,172,3,251.35,1,3,Группа риска
16912.0,201,2,725.84,0,3,Группа риска
16913.0,196,2,310.46999999999997,1,3,Группа риска
16915.0,8,3,531.0500000000001,0,0,Новые
16917.0,177,2,1457.3600000000001,1,3,Группа риска
16918.0,49,11,1646.55,0,1,Лояльные
16919.0,8,3,452.24,0,0,Новые
16921.0,145,1,163.41,0,0,Новые
16922.0,117,1,611.08,1,0,Новые
16923.0,12,9,3365.51,0,1,Лояльные
16925.0,85,1,125.65,1,0,Новые
16926.0,1,5,949.9,0,2,Обычные
16928.0,0,3,251.95,0,0,Новые
16932.0,116,1,121.48,0,0,Новые
16933.0,43,8,1795.78,0,1,Лояльные
16934.0,65,4,761.3100000000001,0,2,Обычные
16937.0,44,1,202.1,1,0,Новые
16938.0,38,3,2713.33,0,2,Обычные
16939.0,33,3,449.0,1,0,Новые
16940.0,87,6,2190.66,0,1,Лояльные
16941.0,156,1,33.0,1,3,Группа риска
16944.0,154,1,101.36,1,3,Группа риска
16945.0,39,11,2817.13,0,1,Лояльные
16946.0,56,5,1013.44,0,2,Обычные
16947.0,7,7,523.23,0,2,Обычные
16948.0,80,3,394.85,0,0,Новые
16950.0,16,6,1647.01,0,2,Обычные
16952.0,3,2,513.59,0,0,Новые
16954.0,42,9,3083.44,0,1,Лояльные
16955.0,99,4,578.39,0,0,Новые
16960.0,101,2,755.83,0,0,Новые
16961.0,67,3,142.15,0,0,Новые
16964.0,278,2,207.85,1,3,Группа риска
16970.0,171,1,71.4,1,3,Группа риска
16972.0,1,1,292.8,0,0,Новые
16974.0,67,2,365.5,1,0,Новые
16975.0,10,3,342.63,0,0,Новые
16977.0,131,3,360.3,0,0,Новые
16978.0,211,2,424.55,1,3,Группа риска
16986.0,107,8,2843.05,0,1,Лояльные
16987.0,151,4,634.2,0,0,Новые
16992.0,43,5,1820.69,0,2,Обычные
16993.0,8,3,1688.15,1,2,Обычные
17001.0,35,5,1472.53,0,2,Обычные
17002.0,127,3,433.96000000000004,0,0,Новые
17003.0,123,1,144.35999999999999,0,0,Новые
17005.0,15,3,732.41,1,0,Новые
17006.0,189,1,180.81,0,3,Группа риска
17009.0,96,1,242.06,1,0,Новые
17011.0,192,3,265.8,1,3,Группа риска
17012.0,270,1,384.16,1,3,Группа риска
17016.0,121,1,552.4,1,0,Новые
17018.0,122,3,962.6,0,0,Новые
17019.0,74,4,1016.91,0,2,Обычные
17020.0,87,2,935.62,1,0,Новые
17021.0,49,4,809.73,0,2,Обычные
17023.0,31,2,604.56,0,0,Новые
17025.0,186,1,848.7,0,3,Группа риска
17027.0,198,2,244.25,0,3,Группа риска
17028.0,126,3,1593.83,1,2,Обычные
17029.0,71,3,889.15,0,0,Новые
17031.0,3,3,2140.0,0,2,Обычные
17032.0,92,11,2909.6,0,1,Лояльные
17034.0,58,1,197.95000000000002,0,0,Новые
17035.0,136,2,180.06,1,0,Новые
17039.0,149,1,1954.99,1,2,Обычные
17040.0,95,1,13.52,1,0,Новые
17041.0,145,2,220.41,0,0,Новые
17043.0,115,2,587.5,0,0,Новые
17046.0,29,3,716.11,0,0,Новые
17047.0,155,2,765.93,0,3,Группа риска
17048.0,14,4,625.85,0,0,Новые
17049.0,7,11,2558.25,0,1,Лояльные
17050.0,33,5,862.42,0,2,Обычные
17051.0,131,2,284.7,0,0,Новые
17056.0,283,1,128.60000000000002,1,3,Группа риска
17057.0,141,1,294.74,1,0,Новые
17059.0,29,5,1767.43,0,2,Обычные
17063.0,24,6,1414.69,0,2,Обычные
17065.0,182,2,194.7,1,3,Группа риска
17066.0,271,1,228.34,1,3,Группа риска
17067.0,269,3,454.54,1,3,Группа риска
17069.0,119,4,1234.43,0,2,Обычные
17071.0,26,4,815.02,0,2,Обычные
17072.0,170,1,282.05,1,3,Группа риска
17074.0,107,1,203.05,1,0,Новые
17075.0,23,5,1007.93,0,2,Обычные
17076.0,183,2,191.75,0,3,Группа риска
17077.0,123,1,306.0,1,0,Новые
17080.0,51,3,367.65,0,0,Новые
17081.0,110,2,277.54,0,0,Новые
17082.0,170,3,1785.38,0,2,Обычные
17083.0,71,5,1651.52,0,2,Обычные
17087.0,282,1,221.53,1,3,Группа риска
17090.0,50,4,520.32,0,0,Новые
17091.0,28,9,2425.59,0,1,Лояльные
17092.0,38,8,2496.32,0,1,Лояльные
17093.0,137,1,235.88,1,0,Новые
17095.0,19,4,926.79,0,2,Обычные
17096.0,44,6,1789.55,0,2,Обычные
17098.0,85,1,299.47,0,0,Новые
17099.0,78,1,582.17,1,0,Новые
17101.0,95,1,168.4,0,0,Новые
17103.0,267,1,424.3,1,3,Группа риска
17108.0,208,1,174.95,1,3,Группа риска
17109.0,42,1,184.69,0,0,Новые
17110.0,65,2,347.4,1,0,Новые
17112.0,47,1,205.17,1,0,Новые
17113.0,50,8,2109.16,1,1,Лояльные
17115.0,67,8,1809.39,1,1,Лояльные
17116.0,193,1,389.78,1,3,Группа риска
17122.0,44,1,102.02,0,0,Новые
17123.0,117,1,217.36,0,0,Новые
17126.0,10,1,282.05,0,0,Новые
17127.0,26,3,604.83,0,0,Новые
17129.0,65,1,31.85,1,0,Новые
17132.0,33,1,676.17,0,0,Новые
17135.0,33,2,372.35,0,0,Новые
17136.0,207,1,231.68,1,3,Группа риска
17137.0,32,5,942.15,0,2,Обычные
17141.0,229,2,406.44,0,3,Группа риска
17142.0,78,2,446.55,0,0,Новые
17143.0,60,1,661.51,0,0,Новые
17145.0,10,7,3014.64,1,1,Лояльные
17147.0,98,7,990.46,0,2,Обычные
17150.0,110,4,795.65,0,2,Обычные
17151.0,280,1,231.90000000000003,1,3,Группа риска
17155.0,72,5,640.76,1,2,Обычные
17156.0,29,2,572.07,1,0,Новые
17158.0,92,3,695.33,1,0,Новые
17159.0,22,2,560.71,1,0,Новые
17163.0,220,1,141.24,0,3,Группа риска
17165.0,101,6,1198.24,0,2,Обычные
17168.0,43,1,400.2,1,0,Новые
17169.0,105,2,313.0,1,0,Новые
17171.0,206,1,159.68,1,3,Группа риска
17172.0,232,2,297.42,0,3,Группа риска
17176.0,71,2,596.1899999999999,1,0,Новые
17177.0,50,1,119.5,1,0,Новые
17178.0,276,1,436.71,1,3,Группа риска
17179.0,107,1,193.17000000000002,0,0,Новые
17180.0,1,7,1344.98,0,2,Обычные
17181.0,140,1,69.93,0,0,Новые
17182.0,263,1,178.5,0,3,Группа риска
17184.0,114,2,198.41000000000003,1,0,Новые
17185.0,136,3,229.46,1,0,Новые
17187.0,71,1,263.76,1,0,Новые
17188.0,43,6,1694.47,0,2,Обычные
17189.0,105,3,573.23,1,0,Новые
17190.0,94,3,953.42,0,0,Новые
17191.0,31,7,1559.73,0,2,Обычные
17192.0,81,1,77.83,1,0,Новые
17193.0,280,2,14.400000000000002,0,3,Группа риска
17194.0,75,1,549.88,1,0,Новые
17195.0,200,1,562.98,1,3,Группа риска
17199.0,127,1,145.12,1,0,Новые
17200.0,197,2,165.06,0,3,Группа риска
17201.0,68,4,883.81,1,2,Обычные
17204.0,92,1,299.33,0,0,Новые
17205.0,109,1,274.95,0,0,Новые
17207.0,197,1,303.21999999999997,1,3,Группа риска
17209.0,194,3,611.6,1,3,Группа риска
17211.0,194,4,1263.0,0,2,Обычные
17212.0,3,2,567.5600000000001,1,0,Новые
17213.0,42,8,2030.02,0,1,Лояльные
17215.0,9,1,186.15,1,0,Новые
17216.0,99,1,65.05,1,0,Новые
17217.0,164,1,104.5,1,3,Группа риска
17218.0,67,4,883.99,0,2,Обычные
17220.0,2,6,873.95,0,2,Обычные
17221.0,136,3,643.39,1,0,Новые
17222.0,22,5,1250.86,1,2,Обычные
17224.0,46,1,100.86,1,0,Новые
17225.0,126,1,131.15,1,0,Новые
17226.0,210,1,425.63,0,3,Группа риска
17227.0,71,4,599.0,0,0,Новые
17228.0,0,5,915.1999999999999,0,2,Обычные
17233.0,269,1,179.36,0,3,Группа риска
17235.0,37,4,583.72,0,0,Новые
17236.0,70,5,839.98,0,2,Обычные
17238.0,8,12,2786.59,0,1,Лояльные
17239.0,71,2,295.7,0,0,Новые
17240.0,141,1,130.6,1,0,Новые
17241.0,60,10,2416.09,0,1,Лояльные
17242.0,1,3,1754.24,1,2,Обычные
17244.0,278,1,260.65,0,3,Группа риска
17245.0,234,1,200.18,1,3,Группа риска
17246.0,91,2,38.92,1,0,Новые
17248.0,26,1,227.51,1,0,Новые
17251.0,269,1,306.40000000000003,0,3,Группа риска
17256.0,26,3,258.93,1,0,Новые
17258.0,210,1,283.85,0,3,Группа риска
17259.0,74,2,628.6899999999999,0,0,Новые
17261.0,54,1,230.44,1,0,Новые
17262.0,23,6,1235.4,0,2,Обычные
17266.0,44,2,207.09,1,0,Новые
17268.0,36,6,847.85,0,2,Обычные
17270.0,14,2,604.4,1,0,Новые
17271.0,281,1,210.39,1,3,Группа риска
17278.0,110,1,25.2,1,0,Новые
17281.0,45,4,510.29999999999995,0,0,Новые
17282.0,1,2,636.25,1,0,Новые
17285.0,173,2,428.34,1,3,Группа риска
17287.0,7,13,1708.52,0,1,Лояльные
17289.0,61,4,655.42,0,0,Новые
17290.0,99,4,469.88,0,0,Новые
17292.0,17,2,271.75,1,0,Новые
17293.0,24,7,1174.54,0,2,Обычные
17294.0,214,2,467.78999999999996,1,3,Группа риска
17296.0,275,1,338.13,1,3,Группа риска
17298.0,38,3,338.6,0,0,Новые
17299.0,26,1,227.72,0,0,Новые
17300.0,26,1,155.8,0,0,Новые
17301.0,169,1,132.8,1,3,Группа риска
17304.0,79,1,111.5,1,0,Новые
17305.0,193,1,2135.46,1,3,Группа риска
17307.0,24,10,1775.3700000000001,0,1,Лояльные
17309.0,218,1,220.09,0,3,Группа риска
17310.0,79,1,765.0,0,0,Новые
17311.0,105,3,1166.59,0,2,Обычные
17314.0,32,10,1665.31,0,1,Лояльные
17318.0,270,1,164.28,1,3,Группа риска
17319.0,214,1,29.1,1,3,Группа риска
17320.0,53,2,814.48,0,0,Новые
17321.0,100,2,496.31,0,0,Новые
17322.0,281,1,114.55,0,3,Группа риска
17323.0,29,4,513.03,0,0,Новые
17324.0,1,8,725.59,0,2,Обычные
17325.0,186,1,101.89999999999999,0,3,Группа риска
17326.0,74,1,172.6,0,0,Новые
17327.0,107,1,4.25,0,0,Новые
17328.0,218,1,104.7,1,3,Группа риска
17329.0,276,3,481.32,1,3,Группа риска
17330.0,89,2,59.900000000000006,1,0,Новые
17332.0,73,5,838.27,1,2,Обычные
17335.0,229,1,154.77,0,3,Группа риска
17336.0,17,1,81.12,1,0,Новые
17338.0,16,6,2408.2,0,1,Лояльные
17341.0,85,2,594.87,0,0,Новые
17342.0,58,5,886.0400000000001,0,2,Обычные
17343.0,47,4,866.35,0,2,Обычные
17344.0,273,2,294.04,1,3,Группа риска
17345.0,79,6,694.0,0,2,Обычные
17346.0,10,6,1637.03,0,2,Обычные
17348.0,136,2,716.97,0,0,Новые
17349.0,84,2,257.9,0,0,Новые
17350.0,92,2,456.511,0,0,Новые
17351.0,14,8,1119.08,0,2,Обычные
17352.0,241,1,36.25,1,3,Группа риска
17353.0,36,4,1417.0,0,2,Обычные
17356.0,99,4,768.25,1,2,Обычные
17358.0,198,1,117.22,0,3,Группа риска
17359.0,193,1,156.6,1,3,Группа риска
17361.0,221,2,392.44,1,3,Группа риска
17362.0,155,4,522.87,0,0,Новые
17365.0,60,5,1860.74,0,2,Обычные
17366.0,1,1,485.99,0,0,Новые
17368.0,64,3,603.24,0,0,Новые
17369.0,0,1,979.1999999999999,1,0,Новые
17371.0,168,3,238.66,1,3,Группа риска
17373.0,194,1,163.7,0,3,Группа риска
17376.0,67,1,141.25,0,0,Новые
17380.0,45,3,520.15,0,0,Новые
17382.0,71,4,360.0,0,0,Новые
17384.0,12,1,171.15,1,0,Новые
17388.0,17,5,949.99,0,2,Обычные
17393.0,33,1,194.60000000000002,0,0,Новые
17395.0,53,1,97.5,1,0,Новые
17400.0,126,3,2547.09,1,2,Обычные
17401.0,86,1,114.85,1,0,Новые
17402.0,15,9,972.6899999999999,0,2,Обычные
17406.0,68,11,1673.88,0,1,Лояльные
17408.0,45,3,132.24,1,0,Новые
17409.0,109,5,3260.02,0,1,Лояльные
17411.0,93,3,268.5,0,0,Новые
17412.0,37,10,2061.07,0,1,Лояльные
17413.0,114,1,219.84,0,0,Новые
17414.0,79,3,1187.2,0,2,Обычные
17417.0,93,1,164.18,1,0,Новые
17419.0,44,4,1015.16,0,2,Обычные
17421.0,280,1,130.8,0,3,Группа риска
17422.0,36,3,599.65,0,0,Новые
17426.0,52,6,764.65,0,2,Обычные
17430.0,24,1,210.8,0,0,Новые
17432.0,120,3,474.45,0,0,Новые
17436.0,112,4,203.25,0,0,Новые
17437.0,74,1,373.17,1,0,Новые
17438.0,86,3,572.28,0,0,Новые
17439.0,200,1,325.74,1,3,Группа риска
17440.0,94,1,137.16,1,0,Новые
17441.0,277,1,293.35,1,3,Группа риска
17442.0,7,11,1731.96,0,1,Лояльные
17449.0,94,4,1318.12,0,2,Обычные
17454.0,7,6,1030.41,0,2,Обычные
17456.0,1,1,725.7,0,0,Новые
17457.0,32,8,2760.37,0,1,Лояльные
17460.0,53,10,1104.31,0,1,Лояльные
17463.0,101,3,656.55,1,0,Новые
17464.0,67,3,589.78,1,0,Новые
17465.0,45,8,2249.03,0,1,Лояльные
17469.0,30,13,2710.58,0,1,Лояльные
17470.0,16,3,749.98,0,0,Новые
17471.0,19,1,321.65000000000003,1,0,Новые
17472.0,173,1,224.81,1,3,Группа риска
17473.0,1,1,298.1,0,0,Новые
17474.0,144,1,1047.0,1,0,Новые
17476.0,267,2,242.46,0,3,Группа риска
17477.0,157,5,1079.0,1,2,Обычные
17478.0,178,1,706.2,0,3,Группа риска
17479.0,177,1,389.26000000000005,1,3,Группа риска
17482.0,32,2,778.19,1,0,Новые
17484.0,121,2,209.57,1,0,Новые
17487.0,273,1,160.55,1,3,Группа риска
17488.0,186,1,336.5,1,3,Группа риска
17490.0,114,1,353.14,0,0,Новые
17491.0,33,4,1157.51,0,2,Обычные
17492.0,23,2,747.85,1,0,Новые
17494.0,46,1,54.699999999999996,1,0,Новые
17496.0,108,4,1114.84,1,2,Обычные
17497.0,155,1,204.60000000000002,0,3,Группа риска
17499.0,92,2,673.96,1,0,Новые
17504.0,45,5,2427.9900000000002,0,1,Лояльные
17505.0,95,3,1289.64,1,2,Обычные
17508.0,18,7,3398.17,0,1,Лояльные
17512.0,8,8,2035.39,0,1,Лояльные
17513.0,24,1,387.0,0,0,Новые
17514.0,214,1,334.18,1,3,Группа риска
17515.0,28,3,522.34,0,0,Новые
17518.0,166,1,153.55,0,3,Группа риска
17519.0,64,8,2621.31,0,1,Лояльные
17526.0,21,6,1910.2,0,2,Обычные
17529.0,155,2,1240.25,1,0,Новые
17530.0,126,3,454.92,0,0,Новые
17531.0,56,7,897.77,1,2,Обычные
17534.0,89,3,1151.53,0,2,Обычные
17536.0,227,1,34.78,0,3,Группа риска
17539.0,162,7,1047.07,1,2,Обычные
17540.0,38,3,599.35,0,0,Новые
17541.0,54,1,124.46,1,0,Новые
17542.0,186,2,170.95,1,3,Группа риска
17543.0,94,1,120.05,1,0,Новые
17545.0,122,1,339.8,0,0,Новые
17547.0,201,2,380.85,0,3,Группа риска
17550.0,29,6,1573.9,0,2,Обычные
17552.0,52,9,1434.67,0,1,Лояльные
17553.0,17,3,2270.0,1,2,Обычные
17555.0,131,1,156.65,0,0,Новые
17557.0,277,1,34.0,1,3,Группа риска
17559.0,57,1,167.62,1,0,Новые
17560.0,114,2,383.6,0,0,Новые
17561.0,75,2,364.46999999999997,0,0,Новые
17563.0,123,5,309.28000000000003,1,0,Новые
17565.0,131,1,131.83,1,0,Новые
17568.0,178,1,382.79,1,3,Группа риска
17571.0,87,1,205.23999999999998,1,0,Новые
17572.0,71,3,140.60999999999999,0,0,Новые
17575.0,212,1,171.7,1,3,Группа риска
17577.0,190,2,348.75,1,3,Группа риска
17578.0,19,8,878.99,1,2,Обычные
17579.0,123,1,304.38,1,0,Новые
17582.0,78,4,746.59,0,2,Обычные
17583.0,105,1,135.95,1,0,Новые
17585.0,4,2,719.59,0,0,Новые
17586.0,164,1,167.4,1,3,Группа риска
17587.0,173,1,181.66,1,3,Группа риска
17588.0,72,4,967.03,0,2,Обычные
17591.0,236,1,144.1,0,3,Группа риска
17593.0,72,8,3199.9500000000003,0,1,Лояльные
17594.0,149,1,611.7,0,0,Новые
17596.0,79,6,1343.42,0,2,Обычные
17597.0,19,4,870.8,0,2,Обычные
17599.0,9,3,44.55,1,0,Новые
17602.0,9,10,2286.66,1,1,Лояльные
17603.0,162,6,1285.31,1,2,Обычные
17604.0,16,3,432.28000000000003,0,0,Новые
17605.0,135,1,160.75,1,0,Новые
17606.0,282,1,87.30000000000001,1,3,Группа риска
17608.0,152,1,164.92,0,3,Группа риска
17609.0,126,3,503.54,0,0,Новые
17610.0,85,8,1427.84,1,2,Обычные
17615.0,28,2,115.2,0,0,Новые
17617.0,103,2,237.28,1,0,Новые
17618.0,26,8,2191.33,0,1,Лояльные
17622.0,141,3,1125.17,1,2,Обычные
17623.0,29,5,1407.17,0,2,Обычные
17624.0,264,1,316.83,0,3,Группа риска
17625.0,82,3,2349.62,0,2,Обычные
17626.0,147,1,254.0,1,0,Новые
17627.0,23,2,285.11,1,0,Новые
17631.0,213,3,335.76,0,3,Группа риска
17635.0,71,3,843.33,0,0,Новые
17638.0,192,2,842.4,1,3,Группа риска
17639.0,19,3,269.13,0,0,Новые
17640.0,75,5,1511.97,0,2,Обычные
17642.0,165,2,648.71,0,3,Группа риска
17643.0,50,1,338.15000000000003,0,0,Новые
17644.0,37,9,2179.1,0,1,Лояльные
17646.0,0,8,2500.6800000000003,0,1,Лояльные
17647.0,214,2,198.6,1,3,Группа риска
17649.0,14,3,680.7,1,0,Новые
17651.0,32,8,1745.92,1,1,Лояльные
17660.0,282,1,163.47,1,3,Группа риска
17662.0,206,2,412.92,1,3,Группа риска
17663.0,1,12,2775.75,0,1,Лояльные
17664.0,19,2,561.59,1,0,Новые
17665.0,38,1,563.1,1,0,Новые
17666.0,22,3,1319.6399999999999,1,2,Обычные
17667.0,44,5,1559.39,0,2,Обычные
17669.0,7,3,2735.63,1,2,Обычные
17672.0,186,2,1449.16,0,3,Группа риска
17673.0,38,6,1814.74,0,2,Обычные
17676.0,22,5,811.72,0,2,Обычные
17678.0,112,2,281.7,1,0,Новые
17679.0,66,9,1174.45,1,2,Обычные
17680.0,51,2,191.10000000000002,0,0,Новые
17681.0,142,6,529.6,1,2,Обычные
17682.0,44,4,1433.2,0,2,Обычные
17683.0,56,2,683.23,0,0,Новые
17685.0,4,4,1419.78,0,2,Обычные
17686.0,78,1,1294.8700000000001,0,0,Новые
17689.0,19,1,166.0,0,0,Новые
17690.0,177,2,765.37,0,3,Группа риска
17691.0,87,2,162.45,0,0,Новые
17692.0,3,6,1606.16,0,2,Обычные
17694.0,56,2,1412.85,1,2,Обычные
17695.0,8,2,664.5,0,0,Новые
17699.0,21,2,442.0,1,0,Новые
17700.0,24,8,3177.16,0,1,Лояльные
17705.0,0,2,260.38,1,0,Новые
17706.0,17,9,2673.71,0,1,Лояльные
17707.0,5,6,326.05,0,2,Обычные
17709.0,15,4,533.56,1,0,Новые
17713.0,24,2,612.42,0,0,Новые
17714.0,15,6,796.02,0,2,Обычные
17715.0,137,1,163.2,1,0,Новые
17718.0,171,2,247.63,1,3,Группа риска
17720.0,16,3,726.12,0,0,Новые
17721.0,204,1,307.21000000000004,1,3,Группа риска
17726.0,57,3,361.14,0,0,Новые
17729.0,141,1,438.65000000000003,1,0,Новые
17730.0,15,5,1316.17,0,2,Обычные
17731.0,166,2,468.88,1,3,Группа риска
17732.0,2,3,919.7,0,0,Новые
17734.0,70,3,741.69,1,0,Новые
17735.0,8,2,506.46,0,0,Новые
17738.0,91,8,1525.37,0,2,Обычные
17739.0,21,9,3264.4500000000003,0,1,Лояльные
17740.0,113,4,313.5,0,0,Новые
17741.0,105,1,41.400000000000006,0,0,Новые
17742.0,1,8,1628.8700000000001,0,1,Лояльные
17745.0,22,2,600.34,1,0,Новые
17746.0,16,5,774.63,1,2,Обычные
17748.0,72,1,358.15,1,0,Новые
17749.0,91,1,351.66,1,0,Новые
17753.0,9,5,388.06,1,2,Обычные
17754.0,31,9,2360.39,0,1,Лояльные
17758.0,113,1,434.96,0,0,Новые
17759.0,128,1,132.15,0,0,Новые
17760.0,172,4,230.64,0,3,Группа риска
17762.0,1,1,129.75,1,0,Новые
17763.0,190,4,36.15,1,3,Группа риска
17764.0,85,2,535.71,0,0,Новые
17768.0,225,3,595.27,0,3,Группа риска
17769.0,110,6,1411.59,0,2,Обычные
17771.0,134,1,16.0,0,0,Новые
17773.0,59,2,585.27,1,0,Новые
17774.0,17,7,1424.95,0,2,Обычные
17776.0,267,2,209.0,0,3,Группа риска
17778.0,206,1,197.70000000000002,1,3,Группа риска
17780.0,212,3,352.91,1,3,Группа риска
17783.0,57,1,96.44,1,0,Новые
17784.0,95,1,112.86,1,0,Новые
17785.0,110,1,115.25,0,0,Новые
17789.0,206,1,171.25,1,3,Группа риска
17790.0,32,4,573.04,0,0,Новые
17792.0,12,2,370.05,1,0,Новые
17794.0,231,2,147.3,1,3,Группа риска
17797.0,113,4,936.51,0,2,Обычные
17798.0,126,1,183.09,1,0,Новые
17799.0,31,10,2710.44,0,1,Лояльные
17801.0,94,3,531.91,0,0,Новые
17802.0,33,9,2287.63,0,1,Лояльные
17804.0,77,3,261.13,0,0,Новые
17805.0,155,1,414.72,1,3,Группа риска
17807.0,124,2,301.62,0,0,Новые
17808.0,93,4,262.64,1,0,Новые
17809.0,39,6,3371.1800000000003,0,1,Лояльные
17810.0,213,3,344.86,1,3,Группа риска
17812.0,75,1,101.4,0,0,Новые
17816.0,203,2,59.55,0,3,Группа риска
17818.0,282,1,130.18,1,3,Группа риска
17819.0,128,4,2085.1,0,2,Обычные
17822.0,105,2,1100.49,0,0,Новые
17825.0,143,4,731.96,1,0,Новые
17827.0,129,2,385.84,1,0,Новые
17829.0,22,2,3357.58,0,1,Лояльные
17833.0,268,1,342.36,1,3,Группа риска
17838.0,25,9,2991.29,0,1,Лояльные
17842.0,147,1,430.69,1,0,Новые
17845.0,100,4,598.19,1,0,Новые
17847.0,60,2,129.69,1,0,Новые
17849.0,25,4,457.96000000000004,1,0,Новые
17851.0,71,5,1448.95,0,2,Обычные
17852.0,269,2,380.36,0,3,Группа риска
17853.0,21,2,1073.51,0,0,Новые
17854.0,7,4,760.19,1,2,Обычные
17857.0,186,1,468.0,0,3,Группа риска
17860.0,273,2,256.69,0,3,Группа риска
17861.0,42,10,2142.02,0,1,Лояльные
17862.0,108,1,150.83,0,0,Новые
17863.0,54,4,1391.02,0,2,Обычные
17866.0,29,2,805.3000000000001,1,0,Новые
17867.0,8,11,243.78,0,2,Обычные
17869.0,14,2,393.66,0,0,Новые
17871.0,123,2,528.58,0,0,Новые
17873.0,17,11,2796.94,0,1,Лояльные
17875.0,233,1,167.1,1,3,Группа риска
17876.0,147,2,1619.02,0,2,Обычные
17880.0,184,2,366.0,1,3,Группа риска
17883.0,84,4,308.18,1,0,Новые
17886.0,15,3,299.03000000000003,0,0,Новые
17889.0,163,1,16.44,0,3,Группа риска
17894.0,14,1,132.34,0,0,Новые
17897.0,57,5,1386.51,0,2,Обычные
17898.0,112,1,114.88,0,0,Новые
17901.0,66,2,149.7,1,0,Новые
17902.0,91,1,216.39999999999998,1,0,Новые
17905.0,75,9,1227.17,0,2,Обычные
17907.0,185,1,291.76,1,3,Группа риска
17908.0,49,5,625.71,0,2,Обычные
17909.0,282,1,132.55,1,3,Группа риска
17910.0,271,1,261.7,1,3,Группа риска
17913.0,28,9,2427.86,0,1,Лояльные
17915.0,96,1,242.13,1,0,Новые
17916.0,173,2,43.87,1,3,Группа риска
17918.0,45,3,396.39,1,0,Новые
17921.0,36,3,825.29,0,0,Новые
17922.0,88,1,170.4,1,0,Новые
17923.0,72,2,289.5,1,0,Новые
17926.0,9,2,355.20000000000005,0,0,Новые
17927.0,266,1,294.0,1,3,Группа риска
17928.0,116,1,128.7,1,0,Новые
17929.0,42,4,896.6,0,2,Обычные
17930.0,32,7,1900.2,0,1,Лояльные
17933.0,177,1,114.69,1,3,Группа риска
17935.0,170,2,225.25,0,3,Группа риска
17941.0,135,3,1128.72,1,2,Обычные
17945.0,241,3,360.35,1,3,Группа риска
17950.0,60,3,530.29,0,0,Новые
17952.0,86,2,381.06,0,0,Новые
17953.0,85,1,160.82,1,0,Новые
17954.0,96,8,1158.3,0,2,Обычные
17955.0,200,2,392.6,1,3,Группа риска
17958.0,273,1,465.42,1,3,Группа риска
17959.0,137,1,140.75,1,0,Новые
17960.0,67,2,61.300000000000004,1,0,Новые
17962.0,94,4,570.19,1,0,Новые
17963.0,16,4,651.51,1,0,Новые
17966.0,136,5,875.99,1,2,Обычные
17968.0,57,1,130.64,0,0,Новые
17971.0,93,1,161.94,1,0,Новые
17975.0,4,2,271.45,0,0,Новые
17978.0,242,2,288.9,0,3,Группа риска
17982.0,225,1,138.18,1,3,Группа риска
17984.0,40,2,458.21,0,0,Новые
17987.0,95,1,197.32,0,0,Новые
17988.0,32,7,288.42,1,2,Обычные
17990.0,63,3,530.64,0,0,Новые
17991.0,136,1,227.2,1,0,Новые
17993.0,162,1,235.19,1,3,Группа риска
17994.0,52,5,1397.49,0,2,Обычные
17996.0,91,2,262.9,0,0,Новые
17998.0,282,2,319.19,0,3,Группа риска
18000.0,109,1,124.25,1,0,Новые
18001.0,91,2,293.6,0,0,Новые
18002.0,70,3,181.82,0,0,Новые
18006.0,162,2,356.48,0,3,Группа риска
18009.0,9,11,1833.34,0,1,Лояльные
18011.0,112,1,321.45,0,0,Новые
18012.0,268,1,115.3,1,3,Группа риска
18016.0,226,1,201.20000000000002,0,3,Группа риска
18020.0,88,2,129.28,1,0,Новые
18021.0,54,2,227.06,1,0,Новые
18022.0,91,1,198.81,0,0,Новые
18025.0,108,2,492.84000000000003,0,0,Новые
18026.0,45,2,2074.07,1,2,Обычные
18028.0,128,1,192.05,1,0,Новые
18029.0,187,1,433.77,1,3,Группа риска
18036.0,7,6,847.56,0,2,Обычные
18037.0,95,8,78.1,0,2,Обычные
18038.0,101,1,149.41,1,0,Новые
18039.0,85,3,379.46,0,0,Новые
18041.0,2,11,3086.29,0,1,Лояльные
18042.0,86,1,116.1,1,0,Новые
18044.0,84,3,602.06,0,0,Новые
18046.0,194,1,189.63,1,3,Группа риска
18048.0,38,1,229.44,1,0,Новые
18049.0,135,1,272.55,0,0,Новые
18051.0,179,8,2275.98,1,1,Лояльные
18053.0,29,4,230.7,1,0,Новые
18056.0,141,2,176.1,1,0,Новые
18057.0,149,2,1002.81,0,0,Новые
18058.0,86,2,603.9,1,0,Новые
18060.0,109,1,464.40000000000003,0,0,Новые
18062.0,16,3,393.05,0,0,Новые
18063.0,178,1,102.0,0,3,Группа риска
18064.0,47,11,2821.08,0,1,Лояльные
18065.0,23,10,2387.4,0,1,Лояльные
18069.0,103,4,1332.96,0,2,Обычные
18070.0,214,2,307.75,1,3,Группа риска
18071.0,16,4,716.68,0,2,Обычные
18074.0,50,1,529.84,0,0,Новые
18075.0,2,3,727.97,0,0,Новые
18077.0,16,6,1110.94,0,2,Обычные
18078.0,173,1,372.74,0,3,Группа риска
18079.0,36,1,590.78,1,0,Новые
18085.0,173,1,258.75,0,3,Группа риска
18091.0,138,1,360.85,1,0,Новые
18093.0,15,3,1726.51,0,2,Обычные
18094.0,106,7,2104.0,0,1,Лояльные
18095.0,123,2,1427.36,0,2,Обычные
18096.0,52,2,409.86,0,0,Новые
18097.0,18,4,1062.6100000000001,0,2,Обычные
18100.0,95,1,451.56,1,0,Новые
18101.0,219,1,112.5,0,3,Группа риска
18103.0,94,1,105.8,1,0,Новые
18106.0,21,5,1030.76,1,2,Обычные
18108.0,141,2,577.8100000000001,1,0,Новые
18109.0,7,5,594.93,0,2,Обычные
18111.0,128,2,398.9,1,0,Новые
18112.0,96,1,152.0,0,0,Новые
18115.0,242,1,9.700000000000001,1,3,Группа риска
18123.0,58,1,95.15,1,0,Новые
18124.0,17,1,111.53,1,0,Новые
18128.0,82,1,420.04,1,0,Новые
18131.0,176,1,222.95999999999998,1,3,Группа риска
18132.0,49,1,226.9,1,0,Новые
18134.0,143,2,445.0,1,0,Новые
18135.0,60,6,345.72,0,2,Обычные
18137.0,96,2,145.99,1,0,Новые
18140.0,18,1,536.41,1,0,Новые
18141.0,134,1,458.27,0,0,Новые
18144.0,8,5,1575.35,0,2,Обычные
18145.0,25,6,1978.52,0,2,Обычные
18148.0,191,1,114.10000000000001,1,3,Группа риска
18149.0,12,3,788.03,0,0,Новые
18151.0,103,4,1044.49,0,2,Обычные
18152.0,191,1,426.69,1,3,Группа риска
18153.0,204,1,246.22,1,3,Группа риска
18154.0,35,1,189.29999999999998,0,0,Новые
18157.0,116,1,215.35,1,0,Новые
18162.0,277,1,379.16,1,3,Группа риска
18163.0,105,2,639.34,1,0,Новые
18166.0,168,1,175.5,1,3,Группа риска
18168.0,29,10,1810.52,0,1,Лояльные
18170.0,84,4,1197.74,0,2,Обычные
18171.0,15,4,1206.0,1,2,Обычные
18173.0,157,1,589.52,1,3,Группа риска
18174.0,148,1,58.5,1,0,Новые
18175.0,220,1,176.1,1,3,Группа риска
18177.0,105,3,875.45,1,0,Новые
18178.0,37,6,2646.2400000000002,0,1,Лояльные
18179.0,67,2,754.38,1,0,Новые
18181.0,106,5,471.39,0,2,Обычные
18182.0,8,1,291.13,1,0,Новые
18186.0,267,1,329.58,1,3,Группа риска
18187.0,168,3,682.19,1,3,Группа риска
18188.0,141,3,322.7,0,0,Новые
18189.0,164,2,312.24,1,3,Группа риска
18190.0,148,3,461.16,1,0,Новые
18191.0,22,1,321.59999999999997,1,0,Новые
18194.0,86,4,2625.7000000000003,0,2,Обычные
18196.0,16,2,775.18,1,0,Новые
18197.0,58,2,221.4,1,0,Новые
18199.0,220,2,342.2,1,3,Группа риска
18201.0,267,1,447.53000000000003,1,3,Группа риска
18203.0,95,2,231.43,0,0,Новые
18206.0,98,1,314.65999999999997,1,0,Новые
18207.0,38,3,505.12,1,0,Новые
18208.0,110,1,360.08,1,0,Новые
18212.0,222,1,298.3,1,3,Группа риска
18214.0,75,5,1480.99,1,2,Обычные
18215.0,23,3,1454.8700000000001,0,2,Обычные
18217.0,58,4,281.05,1,0,Новые
18218.0,141,2,479.91999999999996,1,0,Новые
18219.0,35,6,757.28,0,2,Обычные
18220.0,32,6,876.6600000000001,0,2,Обычные
18229.0,45,5,1315.2,0,2,Обычные
18230.0,70,1,288.0,0,0,Новые
18234.0,96,1,179.6,1,0,Новые
18236.0,26,3,424.42,0,0,Новые
18238.0,60,1,270.92,1,0,Новые
18241.0,23,2,466.3,0,0,Новые
18242.0,106,3,1060.3,0,2,Обычные
18244.0,47,1,302.8,0,0,Новые
18245.0,46,9,2499.65,0,1,Лояльные
18246.0,154,1,162.72,1,3,Группа риска
18247.0,94,4,392.78,0,0,Новые
18252.0,93,6,938.92,1,2,Обычные
18253.0,187,1,317.88,1,3,Группа риска
18254.0,126,1,267.9,1,0,Новые
18255.0,1,1,199.85,1,0,Новые
18257.0,35,5,1708.7,0,2,Обычные
18258.0,9,8,2040.97,1,1,Лояльные
18259.0,225,2,662.7,0,3,Группа риска
18262.0,147,1,202.06,0,0,Новые
18264.0,43,1,603.25,1,0,Новые
18267.0,204,2,252.87,1,3,Группа риска
18268.0,136,6,1451.22,1,2,Обычные
18271.0,154,2,680.85,1,0,Новые
18272.0,93,3,1307.4,0,2,Обычные
18273.0,135,1,153.0,1,0,Новые
18275.0,123,2,741.85,1,0,Новые
18276.0,64,4,668.82,0,0,Новые
18277.0,37,3,289.17,0,0,Новые
18279.0,64,1,231.33999999999997,1,0,Новые
18281.0,122,1,120.32,1,0,Новые
18283.0,22,4,446.42,0,0,Новые
18285.0,205,1,427.0,1,3,Группа риска
18286.0,21,3,1188.43,1,2,Обычные
18287.0,116,2,1066.51,0,0,Новые
